INSERT INTO `announcement` (`announcement_id`, `title`, `outline`, `content`, `announcement_date`) VALUES
(1, '公告標題測試', '公告大綱測試', '公告內文測試', '2020-09-07 04:59:31'),
(2, '公告測試2', '大綱測試2', '內文測試2', '2020-09-10 05:57:39'),
(3, '測試03', '測試03', '測試03', '2020-09-11 09:44:46');

INSERT INTO `area` (`city_name`, `city_district`, `Postal_code`) VALUES
('臺北市', '中正區', '100'),
('臺北市', '大同區', '103'),
('臺北市', '中山區', '104'),
('臺北市', '松山區', '105'),
('臺北市', '大安區', '106'),
('臺北市', '萬華區', '108'),
('臺北市', '信義區', '110'),
('臺北市', '士林區', '111'),
('臺北市', '北投區', '112'),
('臺北市', '內湖區', '114'),
('臺北市', '南港區', '115'),
('臺北市', '文山區', '116'),
('基隆市', '仁愛區', '200'),
('基隆市', '信義區', '201'),
('基隆市', '中正區', '202'),
('基隆市', '中山區', '203'),
('基隆市', '安樂區', '204'),
('基隆市', '暖暖區', '205'),
('基隆市', '七堵區', '206'),
('新北市', '萬里區', '207'),
('新北市', '金山區', '208'),
('連江縣', '南竿鄉', '209'),
('連江縣', '北竿鄉', '210'),
('連江縣', '莒光鄉', '211'),
('連江縣', '東引鄉', '212'),
('新北市', '板橋區', '220'),
('新北市', '汐止區', '221'),
('新北市', '深坑區', '222'),
('新北市', '石碇區', '223'),
('新北市', '瑞芳區', '224'),
('新北市', '平溪區', '226'),
('新北市', '雙溪區', '227'),
('新北市', '貢寮區', '228'),
('新北市', '新店區', '231'),
('新北市', '坪林區', '232'),
('新北市', '烏來區', '233'),
('新北市', '永和區', '234'),
('新北市', '中和區', '235'),
('新北市', '土城區', '236'),
('新北市', '三峽區', '237'),
('新北市', '樹林區', '238'),
('新北市', '鶯歌區', '239'),
('新北市', '三重區', '241'),
('新北市', '新莊區', '242'),
('新北市', '泰山區', '243'),
('新北市', '林口區', '244'),
('新北市', '蘆洲區', '247'),
('新北市', '五股區', '248'),
('新北市', '八里區', '249'),
('新北市', '淡水區', '251'),
('新北市', '三芝區', '252'),
('新北市', '石門區', '253'),
('宜蘭縣', '宜蘭市', '260'),
('宜蘭縣', '頭城鎮', '261'),
('宜蘭縣', '礁溪鄉', '262'),
('宜蘭縣', '壯圍鄉', '263'),
('宜蘭縣', '員山鄉', '264'),
('宜蘭縣', '羅東鎮', '265'),
('宜蘭縣', '三星鄉', '266'),
('宜蘭縣', '大同鄉', '267'),
('宜蘭縣', '五結鄉', '268'),
('宜蘭縣', '冬山鄉', '269'),
('宜蘭縣', '蘇澳鎮', '270'),
('宜蘭縣', '南澳鄉', '272'),
('新竹市', '東區', '300-1'),
('新竹市', '北區', '300-2'),
('新竹市', '香山區', '300-3'),
('新竹縣', '竹北市', '302'),
('新竹縣', '湖口鄉', '303'),
('新竹縣', '新豐鄉', '304'),
('新竹縣', '新埔鎮', '305'),
('新竹縣', '關西鎮', '306'),
('新竹縣', '芎林鄉', '307'),
('新竹縣', '寶山鄉', '308'),
('新竹縣', '竹東鎮', '310'),
('新竹縣', '五峰鄉', '311'),
('新竹縣', '橫山鄉', '312'),
('新竹縣', '尖石鄉', '313'),
('新竹縣', '北埔鄉', '314'),
('新竹縣', '峨眉鄉', '315'),
('桃園市', '中壢區', '320'),
('桃園市', '平鎮區', '324'),
('桃園市', '龍潭區', '325'),
('桃園市', '楊梅區', '326'),
('桃園市', '新屋區', '327'),
('桃園市', '觀音區', '328'),
('桃園市', '桃園區', '330'),
('桃園市', '龜山區', '333'),
('桃園市', '八德區', '334'),
('桃園市', '大溪區', '335'),
('桃園市', '復興區', '336'),
('桃園市', '大園區', '337'),
('桃園市', '蘆竹區', '338'),
('苗栗縣', '竹南鎮', '350'),
('苗栗縣', '頭份市', '351'),
('苗栗縣', '三灣鄉', '352'),
('苗栗縣', '南庄鄉', '353'),
('苗栗縣', '獅潭鄉', '354'),
('苗栗縣', '後龍鎮', '356'),
('苗栗縣', '通霄鎮', '357'),
('苗栗縣', '苑裡鎮', '358'),
('苗栗縣', '苗栗市', '360'),
('苗栗縣', '造橋鄉', '361'),
('苗栗縣', '頭屋鄉', '362'),
('苗栗縣', '公館鄉', '363'),
('苗栗縣', '大湖鄉', '364'),
('苗栗縣', '泰安鄉', '365'),
('苗栗縣', '銅鑼鄉', '366'),
('苗栗縣', '三義鄉', '367'),
('苗栗縣', '西湖鄉', '368'),
('苗栗縣', '卓蘭鎮', '369'),
('臺中市', '中區', '400'),
('臺中市', '東區', '401'),
('臺中市', '南區', '402'),
('臺中市', '西區', '403'),
('臺中市', '北區', '404'),
('臺中市', '北屯區', '406'),
('臺中市', '西屯區', '407'),
('臺中市', '南屯區', '408'),
('臺中市', '太平區', '411'),
('臺中市', '大里區', '412'),
('臺中市', '霧峰區', '413'),
('臺中市', '烏日區', '414'),
('臺中市', '豐原區', '420'),
('臺中市', '后里區', '421'),
('臺中市', '石岡區', '422'),
('臺中市', '東勢區', '423'),
('臺中市', '和平區', '424'),
('臺中市', '新社區', '426'),
('臺中市', '潭子區', '427'),
('臺中市', '大雅區', '428'),
('臺中市', '神岡區', '429'),
('臺中市', '大肚區', '432'),
('臺中市', '沙鹿區', '433'),
('臺中市', '龍井區', '434'),
('臺中市', '梧棲區', '435'),
('臺中市', '清水區', '436'),
('臺中市', '大甲區', '437'),
('臺中市', '外埔區', '438'),
('臺中市', '大安區', '439'),
('彰化縣', '彰化市', '500'),
('彰化縣', '芬園鄉', '502'),
('彰化縣', '花壇鄉', '503'),
('彰化縣', '秀水鄉', '504'),
('彰化縣', '鹿港鎮', '505'),
('彰化縣', '福興鄉', '506'),
('彰化縣', '線西鄉', '507'),
('彰化縣', '和美鎮', '508'),
('彰化縣', '伸港鄉', '509'),
('彰化縣', '員林市', '510'),
('彰化縣', '社頭鄉', '511'),
('彰化縣', '永靖鄉', '512'),
('彰化縣', '埔心鄉', '513'),
('彰化縣', '溪湖鎮', '514'),
('彰化縣', '大村鄉', '515'),
('彰化縣', '埔鹽鄉', '516'),
('彰化縣', '田中鎮', '520'),
('彰化縣', '北斗鎮', '521'),
('彰化縣', '田尾鄉', '522'),
('彰化縣', '埤頭鄉', '523'),
('彰化縣', '溪州鄉', '524'),
('彰化縣', '竹塘鄉', '525'),
('彰化縣', '二林鎮', '526'),
('彰化縣', '大城鄉', '527'),
('彰化縣', '芳苑鄉', '528'),
('彰化縣', '二水鄉', '530'),
('南投縣', '南投市', '540'),
('南投縣', '中寮鄉', '541'),
('南投縣', '草屯鎮', '542'),
('南投縣', '國姓鄉', '544'),
('南投縣', '埔里鎮', '545'),
('南投縣', '仁愛鄉', '546'),
('南投縣', '名間鄉', '551'),
('南投縣', '集集鎮', '552'),
('南投縣', '水里鄉', '553'),
('南投縣', '魚池鄉', '555'),
('南投縣', '信義鄉', '556'),
('南投縣', '竹山鎮', '557'),
('南投縣', '鹿谷鄉', '558'),
('嘉義市', '東區', '600-1'),
('嘉義市', '西區', '600-2'),
('嘉義縣', '番路鄉', '602'),
('嘉義縣', '梅山鄉', '603'),
('嘉義縣', '竹崎鄉', '604'),
('嘉義縣', '阿里山鄉', '605'),
('嘉義縣', '中埔鄉', '606'),
('嘉義縣', '大埔鄉', '607'),
('嘉義縣', '水上鄉', '608'),
('嘉義縣', '鹿草鄉', '611'),
('嘉義縣', '太保市', '612'),
('嘉義縣', '朴子市', '613'),
('嘉義縣', '東石鄉', '614'),
('嘉義縣', '六腳鄉', '615'),
('嘉義縣', '新港鄉', '616'),
('嘉義縣', '民雄鄉', '621'),
('嘉義縣', '大林鎮', '622'),
('嘉義縣', '溪口鄉', '623'),
('嘉義縣', '義竹鄉', '624'),
('嘉義縣', '布袋鎮', '625'),
('雲林縣', '斗南鎮', '630'),
('雲林縣', '大埤鄉', '631'),
('雲林縣', '虎尾鎮', '632'),
('雲林縣', '土庫鎮', '633'),
('雲林縣', '褒忠鄉', '634'),
('雲林縣', '東勢鄉', '635'),
('雲林縣', '臺西鄉', '636'),
('雲林縣', '崙背鄉', '637'),
('雲林縣', '麥寮鄉', '638'),
('雲林縣', '斗六市', '640'),
('雲林縣', '林內鄉', '643'),
('雲林縣', '古坑鄉', '646'),
('雲林縣', '莿桐鄉', '647'),
('雲林縣', '西螺鎮', '648'),
('雲林縣', '二崙鄉', '649'),
('雲林縣', '北港鎮', '651'),
('雲林縣', '水林鄉', '652'),
('雲林縣', '口湖鄉', '653'),
('雲林縣', '四湖鄉', '654'),
('雲林縣', '元長鄉', '655'),
('臺南市', '中西區', '700'),
('臺南市', '東區', '701'),
('臺南市', '南區', '702'),
('臺南市', '北區', '704'),
('臺南市', '安平區', '708'),
('臺南市', '安南區', '709'),
('臺南市', '永康區', '710'),
('臺南市', '歸仁區', '711'),
('臺南市', '新化區', '712'),
('臺南市', '左鎮區', '713'),
('臺南市', '玉井區', '714'),
('臺南市', '楠西區', '715'),
('臺南市', '南化區', '716'),
('臺南市', '仁德區', '717'),
('臺南市', '關廟區', '718'),
('臺南市', '龍崎區', '719'),
('臺南市', '官田區', '720'),
('臺南市', '麻豆區', '721'),
('臺南市', '佳里區', '722'),
('臺南市', '西港區', '723'),
('臺南市', '七股區', '724'),
('臺南市', '將軍區', '725'),
('臺南市', '學甲區', '726'),
('臺南市', '北門區', '727'),
('臺南市', '新營區', '730'),
('臺南市', '後壁區', '731'),
('臺南市', '白河區', '732'),
('臺南市', '東山區', '733'),
('臺南市', '六甲區', '734'),
('臺南市', '下營區', '735'),
('臺南市', '柳營區', '736'),
('臺南市', '鹽水區', '737'),
('臺南市', '善化區', '741'),
('臺南市', '大內區', '742'),
('臺南市', '山上區', '743'),
('臺南市', '新Area', '744'),
('臺南市', '安定區', '745'),
('高雄市', '新興區', '800'),
('高雄市', '前金區', '801'),
('高雄市', '苓雅區', '802'),
('高雄市', '鹽埕區', '803'),
('高雄市', '鼓山區', '804'),
('高雄市', '旗津區', '805'),
('高雄市', '前鎮區', '806'),
('高雄市', '三民區', '807'),
('高雄市', '楠梓區', '811'),
('高雄市', '小港區', '812'),
('高雄市', '左營區', '813'),
('高雄市', '仁武區', '814'),
('高雄市', '大社區', '815'),
('高雄市', '岡山區', '820'),
('高雄市', '路竹區', '821'),
('高雄市', '阿蓮區', '822'),
('高雄市', '田寮區', '823'),
('高雄市', '燕巢區', '824'),
('高雄市', '橋頭區', '825'),
('高雄市', '梓官區', '826'),
('高雄市', '彌陀區', '827'),
('高雄市', '永安區', '828'),
('高雄市', '湖內區', '829'),
('高雄市', '鳳山區', '830'),
('高雄市', '大寮區', '831'),
('高雄市', '林園區', '832'),
('高雄市', '鳥松區', '833'),
('高雄市', '大樹區', '840'),
('高雄市', '旗山區', '842'),
('高雄市', '美濃區', '843'),
('高雄市', '六龜區', '844'),
('高雄市', '內門區', '845'),
('高雄市', '杉林區', '846'),
('高雄市', '甲仙區', '847'),
('高雄市', '桃源區', '848'),
('高雄市', '那瑪夏區', '849'),
('高雄市', '茂林區', '851'),
('高雄市', '茄萣區', '852'),
('澎湖縣', '馬公市', '880'),
('澎湖縣', '西嶼鄉', '881'),
('澎湖縣', '望安鄉', '882'),
('澎湖縣', '七美鄉', '883'),
('澎湖縣', '白沙鄉', '884'),
('澎湖縣', '湖西鄉', '885'),
('金門縣', '金沙鎮', '890'),
('金門縣', '金湖鎮', '891'),
('金門縣', '金寧鎮', '892'),
('金門縣', '金城鄉', '893'),
('金門縣', '烈嶼鄉', '894'),
('金門縣', '烏坵鄉', '896'),
('屏東縣', '屏東市', '900'),
('屏東縣', '三地門鄉', '901'),
('屏東縣', '霧臺鄉', '902'),
('屏東縣', '瑪家鄉', '903'),
('屏東縣', '九如鄉', '904'),
('屏東縣', '里港鄉', '905'),
('屏東縣', '高樹鄉', '906'),
('屏東縣', '盬埔鄉', '907'),
('屏東縣', '長治鄉', '908'),
('屏東縣', '麟洛鄉', '909'),
('屏東縣', '竹田鄉', '911'),
('屏東縣', '內埔鄉', '912'),
('屏東縣', '萬丹鄉', '913'),
('屏東縣', '潮州鎮', '920'),
('屏東縣', '泰武鄉', '921'),
('屏東縣', '來義鄉', '922'),
('屏東縣', '萬巒鄉', '923'),
('屏東縣', '崁頂鄉', '924'),
('屏東縣', '新埤鄉', '925'),
('屏東縣', '南州鄉', '926'),
('屏東縣', '林邊鄉', '927'),
('屏東縣', '東港鎮', '928'),
('屏東縣', '琉球鄉', '929'),
('屏東縣', '佳冬鄉', '931'),
('屏東縣', '新園鄉', '932'),
('屏東縣', '枋寮鄉', '940'),
('屏東縣', '枋山鄉', '941'),
('屏東縣', '春日鄉', '942'),
('屏東縣', '獅子鄉', '943'),
('屏東縣', '車城鄉', '944'),
('屏東縣', '牡丹鄉', '945'),
('屏東縣', '恆春鎮', '946'),
('屏東縣', '滿州鄉', '947'),
('臺東縣', '臺東市', '950'),
('臺東縣', '綠島鄉', '951'),
('臺東縣', '蘭嶼鄉', '952'),
('臺東縣', '延平鄉', '953'),
('臺東縣', '卑南鄉', '954'),
('臺東縣', '鹿野鄉', '955'),
('臺東縣', '關山鎮', '956'),
('臺東縣', '海端鄉', '957'),
('臺東縣', '池上鄉', '958'),
('臺東縣', '東河鄉', '959'),
('臺東縣', '成功鎮', '961'),
('臺東縣', '長濱鄉', '962'),
('臺東縣', '太麻里鄉', '963'),
('臺東縣', '金峰鄉', '964'),
('臺東縣', '大武鄉', '965'),
('臺東縣', '達仁鄉', '966'),
('花蓮縣', '花蓮市', '970'),
('花蓮縣', '新城鄉', '971'),
('花蓮縣', '秀林鄉', '972'),
('花蓮縣', '吉安鄉', '973'),
('花蓮縣', '壽豐鄉', '974'),
('花蓮縣', '鳳林鎮', '975'),
('花蓮縣', '光復鄉', '976'),
('花蓮縣', '豐濱鄉', '977'),
('花蓮縣', '瑞穗鄉', '978'),
('花蓮縣', '萬榮鄉', '979'),
('花蓮縣', '玉里鎮', '981'),
('花蓮縣', '卓溪鄉', '982'),
('花蓮縣', '富里鄉', '983');

INSERT INTO `company` (`company_id`, `company_name`, `img`, `address`, `phone`, `staff_num`, `url`, `email`, `line_id`, `philosophy`, `service_area`, `service_item`, `vehicle_type`, `carton_type`, `packaging_material`, `free_evaluate`, `free_deposit`, `free_cancel`, `short_discount`, `long_discount`, `small_amount`, `comment_score`, `comment_num`, `order_num`, `certification`, `account`, `password`) VALUES
(1, '巨力搬家', 'image/mover2.jpg', '高雄市左營區文學路309號1樓', '0800-010-040', 30, 'https://www.movehome.com.tw/', 'movehome@gmail.com', '@movehome', '智慧移居，裝載幸福。', '北北基,桃竹苗,高屏', '一人搬遷/家庭搬遷/企業搬遷/免動手搬遷', '3.5噸平斗車/3.5噸廂型車/7.7噸廂型車', '綜合紙箱/環保紙箱/重物紙箱', 'PE保護塑膠膜/大型氣泡袋/小型氣泡袋/環保物流箱/環保綜合箱', 1, 1, 0, '(6折)2020/02/01~2020/03/01', '(75折)2020/02/01~2020/03/01', '(75折)2020/02/01~2020/03/01', '0', 7, 17, '技術認證/安心搬家認證/誠信認證', '', ''),
(2, '誠品搬家', 'image/mover1.jpg', '高雄市三民區覺民路83巷11號', '0800-123-456', 20, 'http://www.taipeimover.com/', 'taipeimover@gmail.com', '@taipeimover', '安心搬家，服務至上。', '北北基,桃竹苗,高屏\r\n', '一人搬遷/家庭搬遷/企業搬遷/免動手搬遷', '3.5噸廂型車/7.7噸廂型車', '綜合紙箱/環保紙箱/重物紙箱', 'PE保護塑膠膜/大型氣泡袋/小型氣泡袋/環保物流箱/環保綜合箱', 1, 0, 1, '(75折)2020/02/01~2020/03/01', '(75折)2020/02/01~2020/03/01', '(75折)2020/02/01~2020/03/01', '0', 6, 13, '技術認證/誠信認證', '', ''),
(3, '吉旺搬家', 'image/mover3.jpg', '高雄市苓雅區漢昌街46巷43號', '0800-123-789', 25, 'https://www.facebook.com/JiWangBanJiaGongSi', 'JiWang@gmail.com', '@JiWang', '安心搬家，服務至上。', '北北基,桃竹苗,中彰投,雲嘉南,高屏', '一人搬遷/家庭搬遷/企業搬遷/免動手搬遷', '3.5噸廂型車/7.7噸廂型車', '綜合紙箱/環保紙箱/重物紙箱', 'PE保護塑膠膜/大型氣泡袋/小型氣泡袋/環保物流箱/環保綜合箱', 1, 1, 1, '(75折)2020/02/01~2020/03/01', '(75折)2020/02/01~2020/03/01', '(75折)2020/02/01~2020/03/01', '0', 5, 10, '技術認證/安心搬家認證', '', ''),
(4, '搬運先生', 'image/mover4.jpg', '高雄市大寮區鳳林一路128巷176-15號', '080-022-2966', 10, 'https://www.facebook.com/move0800222966', 'move0800222966@gmail.com', '@move0800222966', '安心搬家，服務至上。', '中彰投,雲嘉南,高屏', '一人搬遷/家庭搬遷/企業搬遷/免動手搬遷', '3.5噸平斗車/3.5噸廂型車/7.7噸廂型車', '綜合紙箱/環保紙箱/重物紙箱', 'PE保護塑膠膜/大型氣泡袋/小型氣泡袋/環保物流箱/環保綜合箱', 1, 1, 0, '(85折)2020/02/01~2020/03/01', '(85折)2020/02/01~2020/03/01', '(85折)2020/02/01~2020/03/01', '0', 3, 7, '技術認證/安心搬家認證/誠信認證', '', ''),
(5, '博士搬家', 'image/mover5.jpg', '高雄市三民區新民路132號', '07-614-2999', 8, 'https://www.drmove.url.tw/', 'drmove@gmail.com', '@drmove', '安心搬家，服務至上。', '雲嘉南,高屏,宜花東', '一人搬遷/家庭搬遷/企業搬遷/免動手搬遷', '3.5噸平斗車/3.5噸廂型車/7.7噸廂型車', '綜合紙箱/環保紙箱/重物紙箱', 'PE保護塑膠膜/大型氣泡袋/小型氣泡袋/環保物流箱/環保綜合箱', 1, 0, 0, '(85折)2020/02/01~2020/03/01', '(85折)2020/02/01~2020/03/01', '(85折)2020/02/01~2020/03/01', '0', 3, 9, '技術認證/誠信認證', '', ''),
(6, '旺福搬家', 'image/mover6.jpg', '高雄市鳳山區文衡路58號', '0989-366-329', 15, 'https://kc.shopping24h.com.tw/', 'wangfu@gmail.com', '@wangfu', '安心搬家，服務至上。', '中彰投,雲嘉南,高屏', '一人搬遷/家庭搬遷/企業搬遷/免動手搬遷', '3.5噸平斗車/3.5噸廂型車/7.7噸廂型車', '綜合紙箱/環保紙箱/重物紙箱', 'PE保護塑膠膜/大型氣泡袋/小型氣泡袋/環保物流箱/環保綜合箱', 1, 1, 1, '(75折)2020/02/01~2020/03/01', '(75折)2020/02/01~2020/03/01', '(75折)2020/02/01~2020/03/01', '0', 2, 3, '技術認證', '', ''),
(7, '盈家和搬家', 'image/mover7.png', ' 高雄市大寮區會營街225-2號', '080-060-0181', 10, ' https://www.enjoy-move.com.tw', 'moving0800520518@gmail.com', '@dkn7941v', '每一次搬家，都是人生大事!', '中彰投,雲嘉南,高屏', '一人搬遷/家庭搬遷/企業搬遷/免動手搬遷', '3.5噸平斗車/3.5噸廂型車/7.7噸廂型車', '綜合紙箱/環保紙箱/重物紙箱', 'PE保護塑膠膜/大型氣泡袋/小型氣泡袋/環保物流箱/環保綜合箱', 1, 1, 1, '(95折)2020/02/01~2020/07/31', '(95折)2020/02/01~2020/07/31', '(95折)2020/02/01~2020/07/31', '0', 4, 6, '技術認證/安心搬家認證/誠信認證', '', ''),
(8, '吉運搬家', 'image/mover8.jpg', '高雄市鳳山區東門街35號', ' 07-701-1111', 6, 'https:// www.goodluck888.com.tw', 'ji.yun20@yahoo.com.tw', '@40uqv2370s', '專業搬家服務，專人到府，免費估價', '高屏', '一人搬遷/家庭搬遷/企業搬遷', '3.5噸平斗車', '綜合紙箱/環保紙箱/重物紙箱', 'PE保護塑膠膜/大型氣泡袋/小型氣泡袋/環保物流箱/環保綜合箱', 1, 1, 1, '(95折)2020/02/01~2020/07/31', '(95折)2020/02/01~2020/07/31', '(95折)2020/02/01~2020/07/31', '0', 3, 4, '技術認證/誠信認證', '', ''),
(9, '康富搬家', 'image/mover9.png', '高雄市鳳山區和成路557號', '0911-070-850', 8, 'https://www. 0911070850.com.tw', 'kangfu@yahoo.com', '@WLpSFHyoHu', '20年專業服務，價格透明hen安心', '北北基,桃竹苗,中彰投,雲嘉南,高屏', '一人搬遷/家庭搬遷/企業搬遷', '3.5噸平斗車/3.5噸廂型車/7.7噸廂型車', '綜合紙箱/環保紙箱/重物紙箱', 'PE保護塑膠膜/大型氣泡袋/小型氣泡袋/環保物流箱/環保綜合箱', 1, 1, 1, '(85折)2020/02/01~2020/07/31', '(85折)2020/02/01~2020/07/31', '(85折)2020/02/01~2020/07/31', '0', 4, 5, '技術認證/安心搬家認證/誠信認證', '', ''),
(10, '邦運搬家', 'image/mover10.png', '高雄市鳳山區和成路557號', '07-334-9358', 10, 'https://www.kingdomherbs.com.tw/', ' z3387800@gmail.com', ' 0988560280', '有搬家執照 | TOP優質今日搬家，絕無現場加價‎', '北北基,桃竹苗,中彰投,雲嘉南,高屏', '一人搬遷/家庭搬遷/企業搬遷/免動手搬遷', '3.5噸平斗車/3.5噸廂型車/7.7噸廂型車', '綜合紙箱/環保紙箱/重物紙箱', 'PE保護塑膠膜/大型氣泡袋/小型氣泡袋/環保物流箱/環保綜合箱', 1, 1, 1, '(85折)2020/02/01~2020/07/31', '(85折)2020/02/01~2020/07/31', '(85折)2020/02/01~2020/07/31', '0', 1, 4, '技術認證/安心搬家認證/誠信認證', '', ''),
(11, '永旺搬家', 'image/mover11.png', '高雄市左營區明華一路156號', '07-713-7777', 12, 'http://www.0800577777.com.tw/', 'Q0W9E8G@yahoo.com.tw', '', '24小時全年無休，快速回覆‎', '桃竹苗,中彰投,雲嘉南,高屏', '一人搬遷/家庭搬遷/企業搬遷/免動手搬遷', '3.5噸平斗車', '綜合紙箱/環保紙箱/重物紙箱', 'PE保護塑膠膜/大型氣泡袋/小型氣泡袋/環保物流箱/環保綜合箱', 1, 1, 1, '(85折)2020/02/01~2020/07/31', '(85折)2020/02/01~2020/07/31', '(85折)2020/02/01~2020/07/31', '0', 2, 3, '技術認證/誠信認證', '', ''),
(12, '天興搬家', 'image/mover12.png', '高雄市中華五路939巷4號1樓', '07-537-0022', 15, 'https://www.fyf.com.tw/', 'fyf_26498998@yahoo.com.tw', '@tiangshin', '永遠的朋友，天興精緻搬家', '北北基,桃竹苗,高屏', '一人搬遷/家庭搬遷/企業搬遷/免動手搬遷', '3.5噸平斗車/3.5噸廂型車/7.7噸廂型車', '	 綜合紙箱/環保紙箱/重物紙箱', 'PE保護塑膠膜/大型氣泡袋/小型氣泡袋/環保物流箱/環保綜合箱', 1, 1, 1, '(85折)2020/02/01~2020/07/31', '(85折)2020/02/01~2020/07/31', '(85折)2020/02/01~2020/07/31', '0', 3, 3, '技術認證/安心搬家認證/誠信認證', '', ''),
(13, '三代搬家', 'image/mover13.png', ' 高雄市鳳山區博愛路188之2號', ' 0800-800-775', 4, 'https://www.0937636662.com.tw/', '', '', '賺微薄工錢，最實在價格。', '中彰投,雲嘉南,高屏', '一人搬遷/家庭搬遷/企業搬遷', '3.5噸平斗車', '綜合紙箱/環保紙箱/重物紙箱', 'PE保護塑膠膜/大型氣泡袋/小型氣泡袋/環保物流箱/環保綜合箱', 1, 1, 0, '(85折)2020/02/01~2020/07/31', '(85折)2020/02/01~2020/07/31', '(85折)2020/02/01~2020/07/31', '0', 3, 5, '技術認證/誠信認證', '', ''),
(14, '富程搬家', 'image/mover14.png', '高雄市鳳山區建國路二段101號7樓', '0800-766-999', 10, 'https://0931119999.com.tw/', 'o8886663@gmail.com', '@fuchang', '好評價讓您最安心 | 如有廣告不實，我們全額退費‎', '中彰投,雲嘉南,高屏', '一人搬遷/家庭搬遷/企業搬遷', '3.5噸平斗車/3.5噸廂型車/7.7噸廂型車', '綜合紙箱/環保紙箱/重物紙箱', 'PE保護塑膠膜/大型氣泡袋/小型氣泡袋/環保物流箱/環保綜合箱', 1, 1, 1, '(85折)2020/02/01~2020/07/31', '(85折)2020/02/01~2020/07/31', '(85折)2020/02/01~2020/07/31', '0', 2, 5, '技術認證/安心搬家認證/誠信認證', '', '');

INSERT INTO `announcement_company` (`announcement_id`, `company_id`, `new`) VALUES
(1, 1, 0),
(2, 1, 0),
(3, 1, 0);

INSERT INTO `discount` (`company_id`, `valuate`, `deposit`, `cancel`, `update_time`) VALUES
(1, 1, 0, 0, '2020-09-12 07:13:46'),
(2, 0, 0, 1, '2020-09-07 08:27:39'),
(3, 1, 1, 1, '2020-09-06 13:36:49'),
(4, 0, 1, 0, '2020-09-10 05:39:08');

INSERT INTO `furniture` (`furniture_id`, `space_type`, `furniture_name`, `img`) VALUES
(1, '客廳', '單人沙發', 'furniture/furniture001.png'),
(2, '客廳', '兩人沙發', 'furniture/furniture002.png'),
(3, '客廳', '三人沙發', 'furniture/furniture003.png'),
(4, '客廳', 'L型沙發', 'furniture/furniture004.png'),
(5, '客廳', '沙發桌', 'furniture/furniture005.png'),
(6, '客廳', '傳統電視', 'furniture/furniture006.png'),
(7, '客廳', '液晶電視37吋以下', 'furniture/furniture007.png'),
(8, '客廳', '液晶電視40吋以上', 'furniture/furniture008.png'),
(9, '客廳', '電視櫃', 'furniture/furniture009.png'),
(10, '客廳', '酒櫃', 'furniture/furniture010.png'),
(11, '客廳', '鞋櫃', 'furniture/furniture011.png'),
(12, '客廳', '按摩椅', 'furniture/furniture012.png'),
(13, '客廳', '佛桌', 'furniture/furniture013.png'),
(14, '客廳', '鋼琴', 'furniture/furniture014.png'),
(15, '客廳', '健身器材', 'furniture/furniture015.png'),
(16, '客廳', '日用品裝箱', 'furniture/furniture016.png'),
(17, '客廳', '壁畫', 'furniture/furniture017.png'),
(18, '客廳', '電扇', 'furniture/furniture018.png'),
(19, '客廳', '摺疊桌', 'furniture/furniture019.png'),
(20, '客廳', '穿衣鏡', 'furniture/furniture020.png'),
(21, '客廳', '魚缸3尺以下', 'furniture/furniture021.png'),
(22, '餐廳', '餐桌', 'furniture/furniture022.png'),
(23, '餐廳', '餐桌椅', 'furniture/furniture023.png'),
(24, '餐廳', '單層櫥櫃', 'furniture/furniture024.png'),
(25, '餐廳', '雙層櫥櫃', 'furniture/furniture025.png'),
(26, '餐廳', '冰箱350公升以下', 'furniture/furniture026.png'),
(27, '餐廳', '冰箱500公升以上', 'furniture/furniture027.png'),
(28, '餐廳', '電器(櫃)架', 'furniture/furniture028.png'),
(29, '餐廳', '鋁架櫃', 'furniture/furniture029.png'),
(30, '餐廳', '微波爐', 'furniture/furniture030.png'),
(31, '餐廳', '烤箱', 'furniture/furniture031.png'),
(32, '餐廳', '烘碗機', 'furniture/furniture032.png'),
(33, '餐廳', '飲水機', 'furniture/furniture033.png'),
(34, '餐廳', '瓦斯爐具', 'furniture/furniture034.png'),
(35, '餐廳', '抽油煙機', 'furniture/furniture035.png'),
(36, '餐廳', '單座流理台', 'furniture/furniture036.png'),
(37, '餐廳', '碗盤裝箱', 'furniture/furniture037.png'),
(38, '餐廳', '食材乾糧裝箱', 'furniture/furniture038.png'),
(39, '臥室', '單人床墊', 'furniture/furniture039.png'),
(40, '臥室', '單人床版', 'furniture/furniture040.png'),
(41, '臥室', '雙人床墊', 'furniture/furniture041.png'),
(42, '臥室', '雙人床版', 'furniture/furniture042.png'),
(43, '臥室', '單人床頭櫃', 'furniture/furniture043.png'),
(44, '臥室', '雙人床頭櫃', 'furniture/furniture044.png'),
(45, '臥室', '床邊櫃', 'furniture/furniture045.png'),
(46, '臥室', '五斗櫃', 'furniture/furniture046.png'),
(47, '臥室', '三斗櫃', 'furniture/furniture047.png'),
(48, '臥室', '化妝台', 'furniture/furniture048.png'),
(49, '臥室', '單門衣櫃', 'furniture/furniture049.png'),
(50, '臥室', '兩門衣櫃寬150公分以下', 'furniture/furniture050.png'),
(51, '臥室', '單個收納箱', 'furniture/furniture051.png'),
(52, '臥室', '四層收納箱', 'furniture/furniture052.png'),
(53, '臥室', '空淨機', 'furniture/furniture053.png'),
(54, '臥室', '除濕機', 'furniture/furniture054.png'),
(55, '臥室', '電暖器', 'furniture/furniture055.png'),
(56, '臥室', '衣服裝箱', 'furniture/furniture056.png'),
(57, '臥室', '整理箱', 'furniture/furniture057.png'),
(58, '書房', '書桌', 'furniture/furniture058.png'),
(59, '書房', '兒童書桌', 'furniture/furniture059.png'),
(60, '書房', '書桌椅', 'furniture/furniture060.png'),
(61, '書房', '書櫃', 'furniture/furniture061.png'),
(62, '書房', '兒童書櫃', 'furniture/furniture062.png'),
(63, '書房', '三格櫃', 'furniture/furniture063.png'),
(64, '書房', '防潮箱', 'furniture/furniture064.png'),
(65, '書房', '電腦設備', 'furniture/furniture065.png'),
(66, '書房', '活動邊櫃', 'furniture/furniture066.png'),
(67, '書房', '書籍裝箱', 'furniture/furniture067.png'),
(68, '書房', '電子琴', 'furniture/furniture068.png'),
(69, '書房', '吉他', 'furniture/furniture069.png'),
(70, '書房', '電腦桌', 'furniture/furniture070.png'),
(71, '書房', '鍍烙鐵架', 'furniture/furniture071.png'),
(72, '書房', '保險庫', 'furniture/furniture072.png'),
(73, '戶外陽台', '洗衣機', 'furniture/furniture073.png'),
(74, '戶外陽台', '烘衣機', 'furniture/furniture074.png'),
(75, '戶外陽台', '熱水器', 'furniture/furniture075.png'),
(76, '戶外陽台', '瓦斯桶', 'furniture/furniture076.png'),
(77, '戶外陽台', '盆栽', 'furniture/furniture077.png'),
(78, '戶外陽台', '機車', 'furniture/furniture078.png'),
(79, '戶外陽台', '腳踏車', 'furniture/furniture079.png'),
(80, '戶外陽台', '窗型冷氣', 'furniture/furniture080.png'),
(81, '戶外陽台', '分離式冷氣', 'furniture/furniture081.png');

INSERT INTO `furniture_list_web` (`id`, `order_id`, `furniture_num`) VALUES
(3, 11, '{\"2\":\"1\",\"7\":\"1\",\"8\":\"1\"}'),
(6, 12, '{\"1\":\"1\",\"2\":\"1\",\"3\":\"1\",\"22\":\"1\",\"23\":\"1\",\"24\":\"1\",\"58\":\"1\",\"59\":\"1\",\"60\":\"1\",\"74\":\"1\",\"75\":\"1\"}'),
(7, 13, '{\"1\":\"1\",\"2\":\"1\",\"4\":\"1\",\"58\":\"1\",\"60\":\"1\",\"62\":\"1\",\"63\":\"1\"}'),
(8, 14, '{\"1\":\"1\",\"5\":\"1\",\"6\":\"1\",\"7\":\"1\",\"9\":\"1\",\"10\":\"1\",\"12\":\"1\",\"13\":\"1\",\"14\":\"1\"}'),
(9, 15, '{\"2\":\"1\",\"7\":\"1\"}'),
(10, 16, '{\"4\":\"1\",\"5\":\"1\",\"6\":\"1\",\"39\":\"1\",\"43\":\"1\",\"44\":\"1\",\"45\":\"1\",\"46\":\"1\",\"58\":\"1\",\"62\":\"1\",\"63\":\"1\",\"64\":\"1\",\"65\":\"1\",\"73\":\"1\",\"74\":\"1\",\"75\":\"1\",\"77\":\"1\",\"78\":\"1\",\"79\":\"1\"}'),
(11, 17, '{\"1\":\"1\",\"2\":\"1\",\"3\":\"1\",\"58\":\"1\",\"59\":\"1\",\"60\":\"1\"}'),
(12, 18, '{\"4\":\"1\",\"7\":\"1\",\"8\":\"1\"}'),
(13, 19, '{\"73\":\"1\",\"74\":\"1\",\"75\":\"1\",\"77\":\"1\",\"79\":\"1\",\"80\":\"1\"}'),
(14, 20, '{\"78\":\"11\"}'),
(15, 22, '{\"2\":\"1\",\"3\":\"1\"}'),
(16, 21, '{\"1\":\"1\",\"2\":\"1\",\"39\":\"1\",\"58\":\"1\",\"60\":\"1\"}'),
(17, 23, '{\"1\":\"1\",\"2\":\"1\",\"58\":\"1\",\"62\":\"1\",\"64\":\"1\"}'),
(18, 24, '{\"1\":\"1\",\"2\":\"1\",\"7\":\"1\",\"22\":\"1\",\"23\":\"1\",\"24\":\"1\",\"27\":\"1\",\"28\":\"1\",\"41\":\"1\",\"44\":\"1\",\"58\":\"1\",\"63\":\"1\"}'),
(19, 26, '{\"1\":\"1\",\"2\":\"1\",\"5\":\"1\",\"58\":\"1\",\"59\":\"1\",\"64\":\"1\"}'),
(20, 27, '{\"1\":\"1\",\"2\":\"1\",\"3\":\"1\",\"22\":\"1\",\"23\":\"1\",\"24\":\"1\",\"39\":\"1\",\"43\":\"1\",\"44\":\"1\",\"59\":\"1\",\"63\":\"1\"}'),
(21, 32, '{\"1\":\"1\",\"5\":\"1\",\"6\":\"1\",\"7\":\"1\",\"24\":\"1\",\"25\":\"1\",\"29\":\"1\",\"39\":\"1\",\"43\":\"1\",\"44\":\"1\",\"59\":\"1\",\"60\":\"1\",\"73\":\"1\",\"77\":\"1\"}'),
(22, 36, '{\"1\":\"1\",\"2\":\"1\",\"9\":\"1\",\"10\":\"1\",\"11\":\"1\",\"12\":\"1\",\"15\":\"1\",\"16\":\"2\"}'),
(23, NULL, '{\"8\":\"1\"}'),
(24, 44, '{\"8\":\"3\"}'),
(25, 44, '{\"1\":\"2\",\"3\":\"2\",\"5\":\"2\",\"7\":\"2\",\"19\":\"2\"}'),
(26, 45, '{\"2\":0,\"3\":0,\"4\":\"2\",\"8\":\"2\"}'),
(27, 47, '{\"1\":\"1\",\"4\":\"1\",\"5\":\"1\",\"7\":\"1\",\"8\":\"1\",\"39\":\"1\",\"42\":\"1\",\"22\":\"1\",\"23\":\"1\",\"24\":\"1\",\"59\":\"1\",\"60\":\"1\",\"61\":\"1\",\"73\":\"1\",\"74\":\"1\",\"75\":\"1\",\"78\":\"1\",\"79\":\"1\",\"80\":\"1\"}'),
(28, 47, '{\"1\":\"1\",\"4\":\"1\",\"5\":\"1\",\"7\":\"1\",\"8\":\"1\",\"39\":\"1\",\"42\":\"1\",\"22\":\"1\",\"23\":\"1\",\"24\":\"1\",\"59\":\"1\",\"60\":\"1\",\"61\":\"1\",\"73\":\"1\",\"74\":\"1\",\"75\":\"1\",\"78\":\"1\",\"79\":\"1\",\"80\":\"1\"}'),
(29, 49, '{\"2\":0,\"3\":0,\"22\":\"1\",\"23\":\"1\",\"39\":\"1\",\"40\":\"1\",\"58\":\"1\",\"59\":\"1\",\"73\":\"1\",\"74\":\"1\"}'),
(30, 55, '{\"2\":\"1\",\"3\":\"1\",\"23\":\"1\",\"27\":\"1\",\"40\":\"1\",\"41\":\"1\",\"58\":\"1\",\"59\":\"1\",\"73\":\"1\",\"74\":\"1\"}'),
(31, 54, '{\"3\":\"1\",\"7\":\"1\"}'),
(32, 54, '{\"1\":\"1\"}'),
(33, 56, '{\"1\":\"1\",\"5\":\"1\",\"27\":\"1\",\"28\":\"1\",\"43\":\"1\",\"45\":\"1\",\"63\":\"1\",\"64\":\"1\",\"78\":\"1\",\"79\":\"1\"}'),
(34, 57, '{\"1\":\"1\",\"2\":\"1\"}'),
(35, 57, '{\"1\":\"1\",\"2\":\"1\"}'),
(36, 58, '{\"1\":\"1\",\"2\":\"1\",\"7\":\"1\",\"22\":\"1\",\"23\":\"1\",\"24\":\"1\",\"27\":\"1\",\"28\":\"1\",\"29\":\"1\",\"39\":\"1\",\"40\":\"1\",\"41\":\"1\",\"42\":\"1\",\"43\":\"1\",\"44\":\"1\",\"45\":\"1\",\"46\":\"1\",\"58\":\"1\",\"59\":\"1\",\"60\":\"1\",\"61\":\"1\",\"62\":\"1\",\"63\":\"1\",\"64\":\"1\",\"65\":\"1\",\"73\":\"1\",\"74\":\"1\",\"75\":\"1\",\"76\":\"1\",\"77\":\"1\",\"78\":\"1\",\"79\":\"1\",\"80\":\"1\"}'),
(37, 59, '{\"1\":\"1\",\"38\":\"1\",\"48\":\"1\",\"52\":\"1\",\"53\":\"1\",\"66\":\"1\",\"67\":\"1\",\"68\":\"1\",\"71\":\"1\",\"72\":\"1\",\"81\":\"1\"}'),
(38, 61, '{\"1\":\"1\",\"17\":\"1\",\"18\":\"1\",\"19\":\"1\",\"20\":\"1\",\"21\":\"1\",\"30\":\"1\",\"31\":\"1\",\"32\":\"1\",\"33\":\"1\",\"34\":\"1\",\"35\":\"1\",\"36\":\"1\",\"37\":\"1\",\"47\":\"1\",\"48\":\"1\",\"49\":\"1\",\"50\":\"1\",\"51\":\"1\",\"52\":\"1\",\"53\":\"1\",\"54\":\"1\",\"66\":\"1\",\"67\":\"1\",\"68\":\"1\",\"69\":\"1\",\"70\":\"1\",\"71\":\"1\",\"72\":\"1\",\"81\":\"1\"}'),
(39, 66, '{\"1\":\"1\",\"6\":\"1\",\"9\":\"1\",\"23\":\"1\",\"24\":\"1\",\"40\":\"1\",\"59\":\"1\",\"74\":\"1\",\"78\":\"1\"}'),
(40, 67, '{\"2\":\"1\",\"3\":\"1\",\"40\":\"1\"}'),
(41, 70, '{\"1\":\"1\",\"2\":\"1\",\"3\":\"1\",\"22\":\"1\",\"23\":\"1\",\"39\":\"1\",\"43\":\"1\",\"58\":\"1\",\"62\":\"1\"}'),
(42, 70, '{\"2\":\"1\"}'),
(43, 71, '{\"2\":\"1\"}'),
(44, 72, '{\"1\":\"1\",\"2\":\"1\"}'),
(45, 73, '{\"3\":\"1\",\"4\":\"1\",\"24\":\"1\",\"25\":\"1\",\"40\":\"1\",\"41\":\"1\",\"59\":\"1\",\"63\":\"1\",\"74\":\"1\",\"75\":\"1\"}'),
(46, 74, '{\"2\":\"1\",\"3\":\"1\"}'),
(47, NULL, '{\"40\":\"1\"}'),
(48, 75, '{\"1\":\"1\",\"6\":\"1\",\"10\":\"1\",\"22\":\"1\",\"23\":\"1\",\"40\":\"1\",\"58\":\"1\",\"59\":\"1\",\"73\":\"1\",\"78\":\"1\"}'),
(49, 76, '{\"2\":\"1\",\"3\":\"1\",\"40\":\"1\",\"41\":\"1\",\"59\":\"1\",\"60\":\"1\"}'),
(50, 77, '{\"2\":\"1\",\"41\":\"1\",\"59\":\"1\"}'),
(51, 77, '{\"2\":\"2\",\"41\":\"1\",\"59\":\"1\",\"23\":\"2\"}'),
(52, NULL, '{\"6\":\"1\"}'),
(53, 80, '{\"1\":\"1\",\"2\":\"1\",\"3\":\"1\",\"22\":\"1\",\"23\":\"1\",\"39\":\"1\",\"40\":\"1\",\"58\":\"1\",\"59\":\"1\",\"73\":\"1\",\"74\":\"1\",\"75\":\"1\"}'),
(54, 81, '{\"1\":\"1\",\"2\":\"1\",\"3\":\"1\",\"22\":\"1\",\"23\":\"1\",\"39\":\"1\",\"40\":\"1\",\"41\":\"1\",\"58\":\"1\",\"59\":\"1\",\"60\":\"1\",\"73\":\"1\",\"74\":\"1\",\"75\":\"1\"}'),
(55, 82, '{\"2\":\"1\",\"3\":\"1\",\"4\":\"1\",\"8\":\"1\"}'),
(56, NULL, '{\"7\":\"1\"}'),
(57, 83, '{\"1\":\"2\"}'),
(58, 84, '{\"39\":\"1\",\"52\":\"1\",\"58\":\"1\",\"60\":\"1\",\"78\":\"1\"}'),
(59, 85, '{\"3\":\"1\"}'),
(60, NULL, '{\"2\":\"1\"}'),
(61, 86, '{\"7\":\"1\"}'),
(62, 87, '{\"7\":\"1\"}'),
(63, NULL, '{\"1\":\"1\",\"2\":\"1\",\"5\":\"1\",\"7\":\"1\"}'),
(64, NULL, '{\"1\":\"1\",\"2\":\"1\",\"5\":\"1\",\"7\":\"1\",\"9\":\"1\",\"11\":\"1\",\"12\":\"1\",\"15\":\"1\",\"16\":\"4\",\"22\":\"2\",\"23\":\"4\",\"24\":\"1\",\"27\":\"1\",\"28\":\"1\",\"29\":\"1\",\"40\":\"2\",\"41\":\"1\",\"43\":\"2\",\"44\":\"1\",\"45\":\"2\",\"46\":\"1\",\"47\":\"1\",\"48\":\"2\",\"49\":\"2\",\"50\":\"2\",\"58\":\"3\",\"60\":\"3\",\"61\":\"3\",\"63\":\"2\",\"64\":\"1\",\"65\":\"2\",\"70\":\"3\",\"71\":\"1\",\"72\":\"1\",\"73\":\"1\",\"74\":\"1\",\"75\":\"1\",\"77\":\"4\",\"78\":\"1\",\"80\":\"5\"}'),
(65, 88, '{\"1\":\"1\",\"2\":\"1\",\"22\":\"1\"}'),
(66, 79, '{\"2\":\"1\",\"3\":\"1\",\"4\":\"1\"}'),
(67, 79, '{\"3\":\"2\",\"7\":\"2\"}'),
(68, 79, '{\"3\":\"2\",\"7\":\"2\"}'),
(69, 89, '{\"2\":\"1\",\"7\":\"1\"}'),
(70, 89, '{\"1\":\"1\",\"2\":\"1\",\"3\":\"1\",\"7\":\"1\",\"22\":\"1\",\"23\":\"1\",\"24\":\"1\",\"28\":\"1\",\"39\":\"1\",\"40\":\"1\",\"44\":\"1\",\"45\":\"1\",\"58\":\"1\",\"59\":\"1\",\"60\":\"1\",\"63\":\"1\",\"73\":\"1\",\"74\":\"1\",\"75\":\"1\",\"77\":\"1\",\"78\":\"1\"}'),
(71, 89, '{\"1\":\"1\",\"2\":\"2\",\"3\":\"2\",\"4\":\"1\",\"7\":\"1\",\"22\":\"2\",\"23\":\"2\",\"24\":\"2\",\"28\":\"1\",\"39\":\"1\",\"40\":\"1\",\"44\":\"1\",\"45\":\"2\",\"46\":\"1\",\"58\":\"1\",\"59\":\"1\",\"60\":\"1\",\"63\":\"1\",\"73\":\"1\",\"74\":\"1\",\"75\":\"1\",\"77\":\"1\",\"78\":\"1\"}'),
(72, NULL, '{\"2\":\"1\",\"7\":\"1\"}'),
(73, 92, '{\"4\":\"1\",\"8\":\"1\"}'),
(74, 93, '{\"2\":\"1\",\"7\":\"1\"}'),
(75, NULL, '{\"10\":\"1\",\"11\":\"1\",\"14\":\"1\",\"15\":\"1\",\"23\":\"1\",\"24\":\"1\",\"28\":\"1\"}'),
(76, 94, '{\"2\":\"1\",\"3\":\"1\",\"6\":\"1\"}'),
(77, NULL, '{\"7\":\"1\"}'),
(78, NULL, '{\"2\":\"1\"}'),
(79, 98, '{\"3\":\"2\"}');

INSERT INTO `member` (`member_id`, `member_name`, `contact_way`, `contact_time`, `care_thing`, `move_exp`, `move_num`, `interest`, `password`, `occupation`, `email`, `phone`, `old_children`, `gender`, `contact_address`, `family_num`, `age`, `family_size`, `id_card`) VALUES
(1, '陳小美', '手機', '平日白天', '品質,隱私,費用', '有', 2, '吃美食', 'test123', '2', 'test123@gmail.com', '0933456789', '、', '女', '高雄市鼓山區鼓山一路161巷32號', 0, 0, 'small', NULL),
(2, 'patrick', 'Email', '平日白天', '隱私,費用,品質', '無', 0, '呵呵', 'patrick', '2', 'patrick@gmail.com', '0987594487', '1、1', '男', '不知道', 0, 0, 'big', NULL),
(3, '葉阿花', '手機,Email', '平日白天,假日白天,平日晚上,假日晚上', '費用,品質,隱私', '無', 0, '', '0706', '3', 'test0706@gmail.com', '0912345678', '0、0', '女', '高雄市田寮區123', 0, 0, '', NULL),
(4, '王小花', '手機,Email', '假日白天,假日晚上', '品質,隱私,費用', '有', 2, '', 'flower', '2', 'flower@gmail.com', '0988745155', '2、2', '女', '高雄市鹽埕區33號', 0, 0, 'two', NULL),
(5, '劉校服', '手機,Email', '假日白天,假日晚上', '費用,品質,隱私', '無', 0, '', '0715', '3', 'test0715@gmail.com', '123456789', '1、1', '男', '高雄市路竹區文學路100號', 0, 0, '', NULL),
(6, '秋珍珠', '手機,Email', '平日白天,平日晚上', '費用,品質,隱私', '無', 0, '', '0716', '1', 'test0716@gmail.com', '0912345678', '0、0', '男', '高雄市阿蓮區123', 0, 0, 'one', 'h123456789'),
(7, '林黛玉', '手機,Email', '平日白天,假日白天,平日晚上,假日晚上', '費用,品質,隱私', '無', 0, '', '763', '2', '763@sdfg', '0912345678', '0、0', '女', '106台北市大安區', 0, 0, 'small', NULL),
(8, '韋小寶', 'Email', '平日白天', '品質,隱私,費用', '無', 0, '無', '123', '3', '123@gmail.com', '91234567', '、', '男', '文學路100號', 0, 0, 'small', NULL),
(9, '陳辰', 'Email', '平日白天', '費用,隱私,品質', '無', 0, '', '123', '3', '123@abc', '0912345678', '0、0', '男', '台北市信義區', 0, 0, 'one', 'A123456755'),
(10, '徐很胖', NULL, NULL, '費用,品質,隱私', '有', 1, '', '123', '1', '123@gmail.com', '91234567', NULL, '男', '文學路100號', NULL, NULL, '', NULL),
(11, '陳悲', 'Email', '假日晚上', '費用,品質,隱私', '無', 0, '沒有', '0.0', '2', '0.0@gmail.com', '0000000000', '0、0', '女', '台中', 0, 25, 'one', NULL),
(12, '余人魚', '手機,Email', '平日白天,假日白天,平日晚上,假日晚上', '費用,隱私,品質', '無', 0, '', '234', '3', '234@abc', '0912345678', '0、0', '女', '台北市信義區', 0, 18, 'small', NULL),
(13, '葉安安', '手機', '平日白天', '費用,品質,隱私', '無', 0, '', '1', '請選擇...', '1@gmail.com', '91234567', '2、2', '女', '文學路100號', 0, 0, '', NULL),
(14, '吳肥豬', '手機,Email', '假日晚上', '費用,品質,隱私', '有', 2, '', '2', '請選擇...', '2@gmail.com', '12345678', '0、0', '男', '文學路100號', 0, 0, '', NULL),
(15, '彭海斗', '手機,Email', '平日白天,假日白天,平日晚上,假日晚上', '費用,隱私,品質', '有', 2, '衝浪', '345', '3', '345@abc', '0912345678', '0、1', '男', '墾丁大街', 0, 0, 'one', NULL),
(16, '方你好', NULL, NULL, '費用,品質,隱私', '無', 0, '', '3', '3', '3@gmail.com', '91234567', '、', '女', '文學路100號', 0, 0, '', NULL),
(17, '徐教授', '手機', '平日白天', '費用,品質,隱私', '無', 0, '', '4', '1', '4@gmail.com', '0912345678', '3位以上、3位以上', '男', '123', 0, 0, '', '/h2248555'),
(18, '許教授', '手機,Email', '平日白天', '費用,品質,隱私', '無', 0, '', '456', '3', '456@abc', '0912345678', '0、0', '男', '123', 0, 0, 'one', NULL),
(19, '林依伊', NULL, NULL, NULL, NULL, NULL, NULL, NULL, NULL, NULL, '0901002004', NULL, '女', '高雄市鼓山區', NULL, NULL, NULL, NULL),
(20, '徐士傑', NULL, NULL, '費用,品質,隱私', '無', 0, '', '123', '1', '123@gmail.com', '0912345678', NULL, '男', '123', NULL, NULL, 'small', NULL),
(21, '徐士傑', '手機,Email', '平日白天,假日白天,平日晚上,假日晚上', '費用,品質,隱私', '無', 0, '衝浪', '78910', '2', '78910@gmail.com', '0912345678', '1、1', '女', '123', 0, 0, 'small', NULL),
(22, '王者', NULL, NULL, NULL, NULL, NULL, NULL, NULL, NULL, NULL, '123456789', NULL, '男', '高雄市五福路', NULL, NULL, NULL, NULL),
(23, '阿防', NULL, NULL, NULL, NULL, NULL, NULL, NULL, NULL, NULL, '12345679', NULL, '女', '高雄市三多路', NULL, NULL, NULL, NULL),
(24, '陳幸林', NULL, NULL, NULL, NULL, NULL, NULL, NULL, NULL, NULL, '0916357824', NULL, '男', '高雄市岡山區', NULL, NULL, NULL, NULL),
(25, '劉傅佳', NULL, NULL, NULL, NULL, NULL, NULL, NULL, NULL, NULL, '0933124598', NULL, '男', '台中市西屯區台灣大道1號', NULL, NULL, NULL, NULL),
(26, '一號', NULL, NULL, NULL, NULL, NULL, NULL, NULL, NULL, NULL, '0911122222', NULL, '男', '一號地', NULL, NULL, NULL, NULL),
(27, 'qq', NULL, NULL, NULL, NULL, NULL, NULL, NULL, NULL, NULL, '0911122222', NULL, '男', 'qq', NULL, NULL, NULL, NULL),
(28, 'wq', NULL, NULL, NULL, NULL, NULL, NULL, NULL, NULL, NULL, '0911122222', NULL, '男', 'wq', NULL, NULL, NULL, NULL),
(29, '依依', NULL, NULL, NULL, NULL, NULL, NULL, NULL, NULL, NULL, '0977777777', NULL, '女', '一號', NULL, NULL, NULL, NULL),
(30, '1', NULL, NULL, '費用,品質,隱私', '有', 0, '1', '1', '2', '', '1', NULL, '女', '宜蘭縣壯圍鄉1', NULL, NULL, 'one', NULL),
(31, '葉', '手機,Email', '假日白天', '費用,品質,隱私', '無', 0, '', '123', '請選擇...', '123@123.com', '0912345678', '1、1', '女', '123', 0, 0, '', NULL),
(32, '11', 'Email', '平日白天', '隱私,品質,費用', '有', 1, '', 'jjj', '1', '598@gmail.com', '0825155555', '0、0', '男', '臺北市大安區', 0, 25, 'one', NULL),
(33, '王大明', '手機,Email', '平日白天,平日晚上', '費用,隱私,品質', '無', 0, '', 'abc', '3', 'abc@gmail.com', '0900090000', '1、1', '男', '高雄市鳳山區中正路一號', 0, 0, 'one', NULL),
(34, '阿豆', '手機', '平日白天', '費用,品質,隱私', '無', 0, '', 'j24681011', '請選擇...', 'dodo@gmail.com', '0912345678', '0、1', '男', '新竹市北區', 0, 0, '', NULL);

INSERT INTO `orders` (`order_id`, `member_id`, `additional`, `memo`, `from_address`, `to_address`, `from_elevator`, `to_elevator`, `storage_space`, `carton_num`, `program`, `order_status`, `auto`, `last_update`, `signature`) VALUES
(1, 1, '多加5個箱子', NULL, '苗栗縣苑裡鎮石鎮里錦山八鄰8-1號', '高雄市苓雅區自強三路5號', 0, 0, '3*3', 50, '一般方案', 'evaluating', 1, '2020-10-09 04:21:59', ''),
(2, 2, '有1個大型家具', NULL, '花蓮縣花蓮市國聯一路100號', '花蓮縣花蓮市富裕二街32號', 0, 0, '無', 10, '一般方案', 'evaluating', 1, '2020-07-16 04:21:59', ''),
(3, 3, '有易碎物', NULL, '嘉義市西區草湖村仁愛路三段537巷831號29樓', '臺中市新社區精誠三路六段781巷548弄162號', 1, 1, '無', 25, '超值方案', 'evaluating', 1, '2020-07-16 11:38:12', ''),
(4, 4, '小心輕放', NULL, '新竹市東區秀福街209巷785弄994號', '嘉義縣義竹鄉新富街三段10巷156號34樓', 0, 1, '無', 20, '超值方案', 'evaluating', 1, '2020-07-16 18:22:14', ''),
(5, 5, '多加5個箱子', NULL, '花蓮縣新城鄉縣政六街627巷34號41樓', '臺南市關廟區錫安街八段36號97樓', 1, 1, '3*3', 10, '一般方案', 'assigned', 1, '2020-10-12 14:41:28', ''),
(6, 1, '小心！', NULL, '連江縣南竿鄉莊敬街420號53樓', '新竹市東區阿玉路一段46巷820弄375號27樓', 1, 0, '5*5', 10, '一般方案', 'assigned', 1, '2020-07-16 10:20:47', ''),
(7, 2, '有易碎物', NULL, '基隆市安樂區國賢一路55巷960弄189號', '宜蘭縣蘇澳鎮安船街二段74巷881弄136號', 0, 0, '10*10', 20, '一般方案', 'scheduled', 1, '2020-07-16 10:17:12', ''),
(8, 3, '花瓶易碎需多加防護', NULL, '高雄市前鎮區文學路100號', '高雄市田寮區鹽埕區七賢三路一號', 1, 1, '7*7', 15, '一般方案', 'cancel', 1, '2020-07-16 18:22:07', ''),
(11, 6, '無', '', '高雄市梓官區文學路100號', '高雄市田寮區鹽埕區七賢三路一號', 1, 1, '無', 0, '超值方案', 'paid', 1, '2020-07-16 18:19:06', 'data:image/png;base64,iVBORw0KGgoAAAANSUhEUgAAASwAAACWCAYAAABkW7XSAAAEYklEQVR4Xu3UAQkAAAwCwdm/9HI83BLIOdw5AgQIRAQWySkmAQIEzmB5AgIEMgIGK1OVoAQIGCw/QIBARsBgZaoSlAABg+UHCBDICBisTFWCEiBgsPwAAQIZAYOVqUpQAgQMlh8gQCAjYLAyVQlKgIDB8gMECGQEDFamKkEJEDBYfoAAgYyAwcpUJSgBAgbLDxAgkBEwWJmqBCVAwGD5AQIEMgIGK1OVoAQIGCw/QIBARsBgZaoSlAABg+UHCBDICBisTFWCEiBgsPwAAQIZAYOVqUpQAgQMlh8gQCAjYLAyVQlKgIDB8gMECGQEDFamKkEJEDBYfoAAgYyAwcpUJSgBAgbLDxAgkBEwWJmqBCVAwGD5AQIEMgIGK1OVoAQIGCw/QIBARsBgZaoSlAABg+UHCBDICBisTFWCEiBgsPwAAQIZAYOVqUpQAgQMlh8gQCAjYLAyVQlKgIDB8gMECGQEDFamKkEJEDBYfoAAgYyAwcpUJSgBAgbLDxAgkBEwWJmqBCVAwGD5AQIEMgIGK1OVoAQIGCw/QIBARsBgZaoSlAABg+UHCBDICBisTFWCEiBgsPwAAQIZAYOVqUpQAgQMlh8gQCAjYLAyVQlKgIDB8gMECGQEDFamKkEJEDBYfoAAgYyAwcpUJSgBAgbLDxAgkBEwWJmqBCVAwGD5AQIEMgIGK1OVoAQIGCw/QIBARsBgZaoSlAABg+UHCBDICBisTFWCEiBgsPwAAQIZAYOVqUpQAgQMlh8gQCAjYLAyVQlKgIDB8gMECGQEDFamKkEJEDBYfoAAgYyAwcpUJSgBAgbLDxAgkBEwWJmqBCVAwGD5AQIEMgIGK1OVoAQIGCw/QIBARsBgZaoSlAABg+UHCBDICBisTFWCEiBgsPwAAQIZAYOVqUpQAgQMlh8gQCAjYLAyVQlKgIDB8gMECGQEDFamKkEJEDBYfoAAgYyAwcpUJSgBAgbLDxAgkBEwWJmqBCVAwGD5AQIEMgIGK1OVoAQIGCw/QIBARsBgZaoSlAABg+UHCBDICBisTFWCEiBgsPwAAQIZAYOVqUpQAgQMlh8gQCAjYLAyVQlKgIDB8gMECGQEDFamKkEJEDBYfoAAgYyAwcpUJSgBAgbLDxAgkBEwWJmqBCVAwGD5AQIEMgIGK1OVoAQIGCw/QIBARsBgZaoSlAABg+UHCBDICBisTFWCEiBgsPwAAQIZAYOVqUpQAgQMlh8gQCAjYLAyVQlKgIDB8gMECGQEDFamKkEJEDBYfoAAgYyAwcpUJSgBAgbLDxAgkBEwWJmqBCVAwGD5AQIEMgIGK1OVoAQIGCw/QIBARsBgZaoSlAABg+UHCBDICBisTFWCEiBgsPwAAQIZAYOVqUpQAgQMlh8gQCAjYLAyVQlKgIDB8gMECGQEDFamKkEJEDBYfoAAgYyAwcpUJSgBAgbLDxAgkBEwWJmqBCVAwGD5AQIEMgIGK1OVoAQIGCw/QIBARsBgZaoSlACBB1YxAJfjJb2jAAAAAElFTkSuQmCC'),
(12, 6, '無', NULL, '高雄市岡山區文化路3號', '高雄市楠梓區大學路2號', 1, 1, '無', 0, '一般方案', 'scheduled', 1, '2020-07-16 10:18:40', 'data:image/png;base64,iVBORw0KGgoAAAANSUhEUgAAASwAAACWCAYAAABkW7XSAAAEYklEQVR4Xu3UAQkAAAwCwdm/9HI83BLIOdw5AgQIRAQWySkmAQIEzmB5AgIEMgIGK1OVoAQIGCw/QIBARsBgZaoSlAABg+UHCBDICBisTFWCEiBgsPwAAQIZAYOVqUpQAgQMlh8gQCAjYLAyVQlKgIDB8gMECGQEDFamKkEJEDBYfoAAgYyAwcpUJSgBAgbLDxAgkBEwWJmqBCVAwGD5AQIEMgIGK1OVoAQIGCw/QIBARsBgZaoSlAABg+UHCBDICBisTFWCEiBgsPwAAQIZAYOVqUpQAgQMlh8gQCAjYLAyVQlKgIDB8gMECGQEDFamKkEJEDBYfoAAgYyAwcpUJSgBAgbLDxAgkBEwWJmqBCVAwGD5AQIEMgIGK1OVoAQIGCw/QIBARsBgZaoSlAABg+UHCBDICBisTFWCEiBgsPwAAQIZAYOVqUpQAgQMlh8gQCAjYLAyVQlKgIDB8gMECGQEDFamKkEJEDBYfoAAgYyAwcpUJSgBAgbLDxAgkBEwWJmqBCVAwGD5AQIEMgIGK1OVoAQIGCw/QIBARsBgZaoSlAABg+UHCBDICBisTFWCEiBgsPwAAQIZAYOVqUpQAgQMlh8gQCAjYLAyVQlKgIDB8gMECGQEDFamKkEJEDBYfoAAgYyAwcpUJSgBAgbLDxAgkBEwWJmqBCVAwGD5AQIEMgIGK1OVoAQIGCw/QIBARsBgZaoSlAABg+UHCBDICBisTFWCEiBgsPwAAQIZAYOVqUpQAgQMlh8gQCAjYLAyVQlKgIDB8gMECGQEDFamKkEJEDBYfoAAgYyAwcpUJSgBAgbLDxAgkBEwWJmqBCVAwGD5AQIEMgIGK1OVoAQIGCw/QIBARsBgZaoSlAABg+UHCBDICBisTFWCEiBgsPwAAQIZAYOVqUpQAgQMlh8gQCAjYLAyVQlKgIDB8gMECGQEDFamKkEJEDBYfoAAgYyAwcpUJSgBAgbLDxAgkBEwWJmqBCVAwGD5AQIEMgIGK1OVoAQIGCw/QIBARsBgZaoSlAABg+UHCBDICBisTFWCEiBgsPwAAQIZAYOVqUpQAgQMlh8gQCAjYLAyVQlKgIDB8gMECGQEDFamKkEJEDBYfoAAgYyAwcpUJSgBAgbLDxAgkBEwWJmqBCVAwGD5AQIEMgIGK1OVoAQIGCw/QIBARsBgZaoSlAABg+UHCBDICBisTFWCEiBgsPwAAQIZAYOVqUpQAgQMlh8gQCAjYLAyVQlKgIDB8gMECGQEDFamKkEJEDBYfoAAgYyAwcpUJSgBAgbLDxAgkBEwWJmqBCVAwGD5AQIEMgIGK1OVoAQIGCw/QIBARsBgZaoSlAABg+UHCBDICBisTFWCEiBgsPwAAQIZAYOVqUpQAgQMlh8gQCAjYLAyVQlKgIDB8gMECGQEDFamKkEJEDBYfoAAgYyAwcpUJSgBAgbLDxAgkBEwWJmqBCVAwGD5AQIEMgIGK1OVoAQIGCw/QIBARsBgZaoSlACBB1YxAJfjJb2jAAAAAElFTkSuQmCC'),
(13, 6, '無', '', '高雄市大社區大學路100號', '高雄市仁武區中華路5號', 1, 1, '無', 0, '一般方案', 'paid', 1, '2020-07-16 10:00:52', 'data:image/png;base64,iVBORw0KGgoAAAANSUhEUgAAASwAAACWCAYAAABkW7XSAAAEYklEQVR4Xu3UAQkAAAwCwdm/9HI83BLIOdw5AgQIRAQWySkmAQIEzmB5AgIEMgIGK1OVoAQIGCw/QIBARsBgZaoSlAABg+UHCBDICBisTFWCEiBgsPwAAQIZAYOVqUpQAgQMlh8gQCAjYLAyVQlKgIDB8gMECGQEDFamKkEJEDBYfoAAgYyAwcpUJSgBAgbLDxAgkBEwWJmqBCVAwGD5AQIEMgIGK1OVoAQIGCw/QIBARsBgZaoSlAABg+UHCBDICBisTFWCEiBgsPwAAQIZAYOVqUpQAgQMlh8gQCAjYLAyVQlKgIDB8gMECGQEDFamKkEJEDBYfoAAgYyAwcpUJSgBAgbLDxAgkBEwWJmqBCVAwGD5AQIEMgIGK1OVoAQIGCw/QIBARsBgZaoSlAABg+UHCBDICBisTFWCEiBgsPwAAQIZAYOVqUpQAgQMlh8gQCAjYLAyVQlKgIDB8gMECGQEDFamKkEJEDBYfoAAgYyAwcpUJSgBAgbLDxAgkBEwWJmqBCVAwGD5AQIEMgIGK1OVoAQIGCw/QIBARsBgZaoSlAABg+UHCBDICBisTFWCEiBgsPwAAQIZAYOVqUpQAgQMlh8gQCAjYLAyVQlKgIDB8gMECGQEDFamKkEJEDBYfoAAgYyAwcpUJSgBAgbLDxAgkBEwWJmqBCVAwGD5AQIEMgIGK1OVoAQIGCw/QIBARsBgZaoSlAABg+UHCBDICBisTFWCEiBgsPwAAQIZAYOVqUpQAgQMlh8gQCAjYLAyVQlKgIDB8gMECGQEDFamKkEJEDBYfoAAgYyAwcpUJSgBAgbLDxAgkBEwWJmqBCVAwGD5AQIEMgIGK1OVoAQIGCw/QIBARsBgZaoSlAABg+UHCBDICBisTFWCEiBgsPwAAQIZAYOVqUpQAgQMlh8gQCAjYLAyVQlKgIDB8gMECGQEDFamKkEJEDBYfoAAgYyAwcpUJSgBAgbLDxAgkBEwWJmqBCVAwGD5AQIEMgIGK1OVoAQIGCw/QIBARsBgZaoSlAABg+UHCBDICBisTFWCEiBgsPwAAQIZAYOVqUpQAgQMlh8gQCAjYLAyVQlKgIDB8gMECGQEDFamKkEJEDBYfoAAgYyAwcpUJSgBAgbLDxAgkBEwWJmqBCVAwGD5AQIEMgIGK1OVoAQIGCw/QIBARsBgZaoSlAABg+UHCBDICBisTFWCEiBgsPwAAQIZAYOVqUpQAgQMlh8gQCAjYLAyVQlKgIDB8gMECGQEDFamKkEJEDBYfoAAgYyAwcpUJSgBAgbLDxAgkBEwWJmqBCVAwGD5AQIEMgIGK1OVoAQIGCw/QIBARsBgZaoSlAABg+UHCBDICBisTFWCEiBgsPwAAQIZAYOVqUpQAgQMlh8gQCAjYLAyVQlKgIDB8gMECGQEDFamKkEJEDBYfoAAgYyAwcpUJSgBAgbLDxAgkBEwWJmqBCVAwGD5AQIEMgIGK1OVoAQIGCw/QIBARsBgZaoSlACBB1YxAJfjJb2jAAAAAElFTkSuQmCC'),
(14, 3, '無', NULL, '高雄市楠梓區654', '彰化縣大村鄉中華路5號', 0, 1, '無', 0, '一般方案', 'evaluating', 1, '2020-07-16 11:27:11', ''),
(15, 2, '無', NULL, '高雄市大社區五福路6號', '高雄市六龜區蓮海路20號', 1, 1, '6*6', 0, '超值方案', 'assigned', 1, '2020-07-16 10:21:48', 'data:image/png;base64,iVBORw0KGgoAAAANSUhEUgAAASwAAACWCAYAAABkW7XSAAAEYklEQVR4Xu3UAQkAAAwCwdm/9HI83BLIOdw5AgQIRAQWySkmAQIEzmB5AgIEMgIGK1OVoAQIGCw/QIBARsBgZaoSlAABg+UHCBDICBisTFWCEiBgsPwAAQIZAYOVqUpQAgQMlh8gQCAjYLAyVQlKgIDB8gMECGQEDFamKkEJEDBYfoAAgYyAwcpUJSgBAgbLDxAgkBEwWJmqBCVAwGD5AQIEMgIGK1OVoAQIGCw/QIBARsBgZaoSlAABg+UHCBDICBisTFWCEiBgsPwAAQIZAYOVqUpQAgQMlh8gQCAjYLAyVQlKgIDB8gMECGQEDFamKkEJEDBYfoAAgYyAwcpUJSgBAgbLDxAgkBEwWJmqBCVAwGD5AQIEMgIGK1OVoAQIGCw/QIBARsBgZaoSlAABg+UHCBDICBisTFWCEiBgsPwAAQIZAYOVqUpQAgQMlh8gQCAjYLAyVQlKgIDB8gMECGQEDFamKkEJEDBYfoAAgYyAwcpUJSgBAgbLDxAgkBEwWJmqBCVAwGD5AQIEMgIGK1OVoAQIGCw/QIBARsBgZaoSlAABg+UHCBDICBisTFWCEiBgsPwAAQIZAYOVqUpQAgQMlh8gQCAjYLAyVQlKgIDB8gMECGQEDFamKkEJEDBYfoAAgYyAwcpUJSgBAgbLDxAgkBEwWJmqBCVAwGD5AQIEMgIGK1OVoAQIGCw/QIBARsBgZaoSlAABg+UHCBDICBisTFWCEiBgsPwAAQIZAYOVqUpQAgQMlh8gQCAjYLAyVQlKgIDB8gMECGQEDFamKkEJEDBYfoAAgYyAwcpUJSgBAgbLDxAgkBEwWJmqBCVAwGD5AQIEMgIGK1OVoAQIGCw/QIBARsBgZaoSlAABg+UHCBDICBisTFWCEiBgsPwAAQIZAYOVqUpQAgQMlh8gQCAjYLAyVQlKgIDB8gMECGQEDFamKkEJEDBYfoAAgYyAwcpUJSgBAgbLDxAgkBEwWJmqBCVAwGD5AQIEMgIGK1OVoAQIGCw/QIBARsBgZaoSlAABg+UHCBDICBisTFWCEiBgsPwAAQIZAYOVqUpQAgQMlh8gQCAjYLAyVQlKgIDB8gMECGQEDFamKkEJEDBYfoAAgYyAwcpUJSgBAgbLDxAgkBEwWJmqBCVAwGD5AQIEMgIGK1OVoAQIGCw/QIBARsBgZaoSlAABg+UHCBDICBisTFWCEiBgsPwAAQIZAYOVqUpQAgQMlh8gQCAjYLAyVQlKgIDB8gMECGQEDFamKkEJEDBYfoAAgYyAwcpUJSgBAgbLDxAgkBEwWJmqBCVAwGD5AQIEMgIGK1OVoAQIGCw/QIBARsBgZaoSlAABg+UHCBDICBisTFWCEiBgsPwAAQIZAYOVqUpQAgQMlh8gQCAjYLAyVQlKgIDB8gMECGQEDFamKkEJEDBYfoAAgYyAwcpUJSgBAgbLDxAgkBEwWJmqBCVAwGD5AQIEMgIGK1OVoAQIGCw/QIBARsBgZaoSlACBB1YxAJfjJb2jAAAAAElFTkSuQmCC'),
(16, 7, '無', NULL, '高雄市橋頭區大安街5號', '高雄市那瑪夏區一心街8號', 0, 1, '無', 0, '一般方案', 'evaluating', 1, '2020-07-16 11:27:11', ''),
(17, 8, '無', NULL, '高雄市前鎮區文學路100號', '高雄市燕巢區大學路100號', 1, 1, '無', 0, '升等方案', 'evaluating', 1, '2020-07-16 11:27:50', ''),
(18, 9, '無', NULL, '高雄市橋頭區九如二路3號', '高雄市三民區十全路88號', 1, 1, '無', 0, '一般方案', 'evaluating', 1, '2020-07-16 11:27:11', ''),
(19, 8, '無', NULL, '高雄市田寮區七賢路2號', '高雄市三民區大安路5號', 0, 1, '3*3', 0, '超值方案', 'evaluating', 1, '2020-07-16 11:27:11', ''),
(20, 11, '無', NULL, '高雄市左營區四福路3號', '高雄市岡山區海無路20號', 1, 1, '6*6', 0, '超值方案', 'evaluating', 1, '2020-07-16 14:57:06', ''),
(21, 12, '無', NULL, '高雄市左營區三新街6號', '高雄市小港區七賢一路87號', 1, 1, '無', 0, '一般方案', 'evaluating', 1, '2020-07-16 11:27:11', ''),
(22, 13, '無', NULL, '高雄市阿蓮區文學路100號', '高雄市路竹區三光路100號', 1, 0, '無', 0, '一般方案', 'evaluating', 1, '2020-07-22 01:13:44', ''),
(23, 14, '無', NULL, '高雄市田寮區有光路2號', '高雄市前鎮區澎湖路7號', 0, 1, '無', 3, '超值方案', 'evaluating', 1, '2020-07-16 11:27:11', ''),
(24, 15, '無', NULL, '高雄市小港區中山路大安街5號', '高雄市前鎮區中正路7號', 0, 1, '無', 0, '超值方案', 'evaluating', 1, '2020-07-16 11:27:11', ''),
(25, 16, NULL, NULL, '高雄市梓官區文學路100號', '高雄市大社區文學路100號', 1, 0, '', 0, '', 'evaluating', 1, '2020-07-16 11:27:11', ''),
(26, 17, '無', NULL, '高雄市梓官區文學路100號', '高雄市彌陀區中華路5號', 1, 1, '無', 0, '一般方案', 'assigned', 1, '2020-07-16 10:14:55', 'data:image/png;base64,iVBORw0KGgoAAAANSUhEUgAAASwAAACWCAYAAABkW7XSAAAEYklEQVR4Xu3UAQkAAAwCwdm/9HI83BLIOdw5AgQIRAQWySkmAQIEzmB5AgIEMgIGK1OVoAQIGCw/QIBARsBgZaoSlAABg+UHCBDICBisTFWCEiBgsPwAAQIZAYOVqUpQAgQMlh8gQCAjYLAyVQlKgIDB8gMECGQEDFamKkEJEDBYfoAAgYyAwcpUJSgBAgbLDxAgkBEwWJmqBCVAwGD5AQIEMgIGK1OVoAQIGCw/QIBARsBgZaoSlAABg+UHCBDICBisTFWCEiBgsPwAAQIZAYOVqUpQAgQMlh8gQCAjYLAyVQlKgIDB8gMECGQEDFamKkEJEDBYfoAAgYyAwcpUJSgBAgbLDxAgkBEwWJmqBCVAwGD5AQIEMgIGK1OVoAQIGCw/QIBARsBgZaoSlAABg+UHCBDICBisTFWCEiBgsPwAAQIZAYOVqUpQAgQMlh8gQCAjYLAyVQlKgIDB8gMECGQEDFamKkEJEDBYfoAAgYyAwcpUJSgBAgbLDxAgkBEwWJmqBCVAwGD5AQIEMgIGK1OVoAQIGCw/QIBARsBgZaoSlAABg+UHCBDICBisTFWCEiBgsPwAAQIZAYOVqUpQAgQMlh8gQCAjYLAyVQlKgIDB8gMECGQEDFamKkEJEDBYfoAAgYyAwcpUJSgBAgbLDxAgkBEwWJmqBCVAwGD5AQIEMgIGK1OVoAQIGCw/QIBARsBgZaoSlAABg+UHCBDICBisTFWCEiBgsPwAAQIZAYOVqUpQAgQMlh8gQCAjYLAyVQlKgIDB8gMECGQEDFamKkEJEDBYfoAAgYyAwcpUJSgBAgbLDxAgkBEwWJmqBCVAwGD5AQIEMgIGK1OVoAQIGCw/QIBARsBgZaoSlAABg+UHCBDICBisTFWCEiBgsPwAAQIZAYOVqUpQAgQMlh8gQCAjYLAyVQlKgIDB8gMECGQEDFamKkEJEDBYfoAAgYyAwcpUJSgBAgbLDxAgkBEwWJmqBCVAwGD5AQIEMgIGK1OVoAQIGCw/QIBARsBgZaoSlAABg+UHCBDICBisTFWCEiBgsPwAAQIZAYOVqUpQAgQMlh8gQCAjYLAyVQlKgIDB8gMECGQEDFamKkEJEDBYfoAAgYyAwcpUJSgBAgbLDxAgkBEwWJmqBCVAwGD5AQIEMgIGK1OVoAQIGCw/QIBARsBgZaoSlAABg+UHCBDICBisTFWCEiBgsPwAAQIZAYOVqUpQAgQMlh8gQCAjYLAyVQlKgIDB8gMECGQEDFamKkEJEDBYfoAAgYyAwcpUJSgBAgbLDxAgkBEwWJmqBCVAwGD5AQIEMgIGK1OVoAQIGCw/QIBARsBgZaoSlAABg+UHCBDICBisTFWCEiBgsPwAAQIZAYOVqUpQAgQMlh8gQCAjYLAyVQlKgIDB8gMECGQEDFamKkEJEDBYfoAAgYyAwcpUJSgBAgbLDxAgkBEwWJmqBCVAwGD5AQIEMgIGK1OVoAQIGCw/QIBARsBgZaoSlACBB1YxAJfjJb2jAAAAAElFTkSuQmCC'),
(27, 18, '無', '', '高雄市岡山區文學路100號', '高雄市大社區123', 1, 1, '無', 0, '一般方案', 'paid', 1, '2020-07-16 18:18:24', 'data:image/png;base64,iVBORw0KGgoAAAANSUhEUgAAASwAAACWCAYAAABkW7XSAAAEYklEQVR4Xu3UAQkAAAwCwdm/9HI83BLIOdw5AgQIRAQWySkmAQIEzmB5AgIEMgIGK1OVoAQIGCw/QIBARsBgZaoSlAABg+UHCBDICBisTFWCEiBgsPwAAQIZAYOVqUpQAgQMlh8gQCAjYLAyVQlKgIDB8gMECGQEDFamKkEJEDBYfoAAgYyAwcpUJSgBAgbLDxAgkBEwWJmqBCVAwGD5AQIEMgIGK1OVoAQIGCw/QIBARsBgZaoSlAABg+UHCBDICBisTFWCEiBgsPwAAQIZAYOVqUpQAgQMlh8gQCAjYLAyVQlKgIDB8gMECGQEDFamKkEJEDBYfoAAgYyAwcpUJSgBAgbLDxAgkBEwWJmqBCVAwGD5AQIEMgIGK1OVoAQIGCw/QIBARsBgZaoSlAABg+UHCBDICBisTFWCEiBgsPwAAQIZAYOVqUpQAgQMlh8gQCAjYLAyVQlKgIDB8gMECGQEDFamKkEJEDBYfoAAgYyAwcpUJSgBAgbLDxAgkBEwWJmqBCVAwGD5AQIEMgIGK1OVoAQIGCw/QIBARsBgZaoSlAABg+UHCBDICBisTFWCEiBgsPwAAQIZAYOVqUpQAgQMlh8gQCAjYLAyVQlKgIDB8gMECGQEDFamKkEJEDBYfoAAgYyAwcpUJSgBAgbLDxAgkBEwWJmqBCVAwGD5AQIEMgIGK1OVoAQIGCw/QIBARsBgZaoSlAABg+UHCBDICBisTFWCEiBgsPwAAQIZAYOVqUpQAgQMlh8gQCAjYLAyVQlKgIDB8gMECGQEDFamKkEJEDBYfoAAgYyAwcpUJSgBAgbLDxAgkBEwWJmqBCVAwGD5AQIEMgIGK1OVoAQIGCw/QIBARsBgZaoSlAABg+UHCBDICBisTFWCEiBgsPwAAQIZAYOVqUpQAgQMlh8gQCAjYLAyVQlKgIDB8gMECGQEDFamKkEJEDBYfoAAgYyAwcpUJSgBAgbLDxAgkBEwWJmqBCVAwGD5AQIEMgIGK1OVoAQIGCw/QIBARsBgZaoSlAABg+UHCBDICBisTFWCEiBgsPwAAQIZAYOVqUpQAgQMlh8gQCAjYLAyVQlKgIDB8gMECGQEDFamKkEJEDBYfoAAgYyAwcpUJSgBAgbLDxAgkBEwWJmqBCVAwGD5AQIEMgIGK1OVoAQIGCw/QIBARsBgZaoSlAABg+UHCBDICBisTFWCEiBgsPwAAQIZAYOVqUpQAgQMlh8gQCAjYLAyVQlKgIDB8gMECGQEDFamKkEJEDBYfoAAgYyAwcpUJSgBAgbLDxAgkBEwWJmqBCVAwGD5AQIEMgIGK1OVoAQIGCw/QIBARsBgZaoSlAABg+UHCBDICBisTFWCEiBgsPwAAQIZAYOVqUpQAgQMlh8gQCAjYLAyVQlKgIDB8gMECGQEDFamKkEJEDBYfoAAgYyAwcpUJSgBAgbLDxAgkBEwWJmqBCVAwGD5AQIEMgIGK1OVoAQIGCw/QIBARsBgZaoSlACBB1YxAJfjJb2jAAAAAElFTkSuQmCC'),
(28, 19, '', '', '高雄市鼓山區', '高雄市大社區', NULL, NULL, '', 0, '', '', 0, '2020-07-16 12:47:53', ''),
(29, 19, '', '', '高雄市鼓山區', '高群市大社區', NULL, NULL, '', 0, '', 'paid', 0, '2020-08-19 01:18:14', ''),
(30, 8, NULL, NULL, NULL, NULL, NULL, NULL, '', 0, '', 'evaluating', 1, '2020-07-16 12:06:00', ''),
(31, 8, NULL, NULL, NULL, NULL, NULL, NULL, '', 0, '', 'evaluating', 1, '2020-07-16 12:07:00', ''),
(32, 21, '無', '', '高雄市左營區文學路100號', '高雄市岡山區大學路2號', 1, 1, '無', 0, '一般方案', 'done', 1, '2020-07-16 18:36:57', 'data:image/png;base64,iVBORw0KGgoAAAANSUhEUgAAASwAAACWCAYAAABkW7XSAAAEYklEQVR4Xu3UAQkAAAwCwdm/9HI83BLIOdw5AgQIRAQWySkmAQIEzmB5AgIEMgIGK1OVoAQIGCw/QIBARsBgZaoSlAABg+UHCBDICBisTFWCEiBgsPwAAQIZAYOVqUpQAgQMlh8gQCAjYLAyVQlKgIDB8gMECGQEDFamKkEJEDBYfoAAgYyAwcpUJSgBAgbLDxAgkBEwWJmqBCVAwGD5AQIEMgIGK1OVoAQIGCw/QIBARsBgZaoSlAABg+UHCBDICBisTFWCEiBgsPwAAQIZAYOVqUpQAgQMlh8gQCAjYLAyVQlKgIDB8gMECGQEDFamKkEJEDBYfoAAgYyAwcpUJSgBAgbLDxAgkBEwWJmqBCVAwGD5AQIEMgIGK1OVoAQIGCw/QIBARsBgZaoSlAABg+UHCBDICBisTFWCEiBgsPwAAQIZAYOVqUpQAgQMlh8gQCAjYLAyVQlKgIDB8gMECGQEDFamKkEJEDBYfoAAgYyAwcpUJSgBAgbLDxAgkBEwWJmqBCVAwGD5AQIEMgIGK1OVoAQIGCw/QIBARsBgZaoSlAABg+UHCBDICBisTFWCEiBgsPwAAQIZAYOVqUpQAgQMlh8gQCAjYLAyVQlKgIDB8gMECGQEDFamKkEJEDBYfoAAgYyAwcpUJSgBAgbLDxAgkBEwWJmqBCVAwGD5AQIEMgIGK1OVoAQIGCw/QIBARsBgZaoSlAABg+UHCBDICBisTFWCEiBgsPwAAQIZAYOVqUpQAgQMlh8gQCAjYLAyVQlKgIDB8gMECGQEDFamKkEJEDBYfoAAgYyAwcpUJSgBAgbLDxAgkBEwWJmqBCVAwGD5AQIEMgIGK1OVoAQIGCw/QIBARsBgZaoSlAABg+UHCBDICBisTFWCEiBgsPwAAQIZAYOVqUpQAgQMlh8gQCAjYLAyVQlKgIDB8gMECGQEDFamKkEJEDBYfoAAgYyAwcpUJSgBAgbLDxAgkBEwWJmqBCVAwGD5AQIEMgIGK1OVoAQIGCw/QIBARsBgZaoSlAABg+UHCBDICBisTFWCEiBgsPwAAQIZAYOVqUpQAgQMlh8gQCAjYLAyVQlKgIDB8gMECGQEDFamKkEJEDBYfoAAgYyAwcpUJSgBAgbLDxAgkBEwWJmqBCVAwGD5AQIEMgIGK1OVoAQIGCw/QIBARsBgZaoSlAABg+UHCBDICBisTFWCEiBgsPwAAQIZAYOVqUpQAgQMlh8gQCAjYLAyVQlKgIDB8gMECGQEDFamKkEJEDBYfoAAgYyAwcpUJSgBAgbLDxAgkBEwWJmqBCVAwGD5AQIEMgIGK1OVoAQIGCw/QIBARsBgZaoSlAABg+UHCBDICBisTFWCEiBgsPwAAQIZAYOVqUpQAgQMlh8gQCAjYLAyVQlKgIDB8gMECGQEDFamKkEJEDBYfoAAgYyAwcpUJSgBAgbLDxAgkBEwWJmqBCVAwGD5AQIEMgIGK1OVoAQIGCw/QIBARsBgZaoSlACBB1YxAJfjJb2jAAAAAElFTkSuQmCC'),
(33, 22, '無', NULL, '高雄市六合路', '高雄市七顯路', NULL, NULL, '', 0, '', 'scheduled', 0, '2020-08-13 02:06:11', ''),
(34, 23, '無', NULL, '高雄市四維路', '高雄市五服路', NULL, NULL, '', 0, '', 'scheduled', 0, '2020-08-13 01:45:35', ''),
(35, 24, '', NULL, '高雄市岡山區', '高雄市鼓山區', NULL, NULL, '', 0, '', 'assigned', 1, '2020-07-16 19:35:08', ''),
(36, 9, '無', NULL, '高雄市路竹區中山一路2號', '高雄市楠梓區覺民路123號', 1, 1, '無', 0, '超值方案', 'scheduled', 1, '2020-07-29 23:59:06', 'data:image/png;base64,iVBORw0KGgoAAAANSUhEUgAAASwAAACWCAYAAABkW7XSAAAEYklEQVR4Xu3UAQkAAAwCwdm/9HI83BLIOdw5AgQIRAQWySkmAQIEzmB5AgIEMgIGK1OVoAQIGCw/QIBARsBgZaoSlAABg+UHCBDICBisTFWCEiBgsPwAAQIZAYOVqUpQAgQMlh8gQCAjYLAyVQlKgIDB8gMECGQEDFamKkEJEDBYfoAAgYyAwcpUJSgBAgbLDxAgkBEwWJmqBCVAwGD5AQIEMgIGK1OVoAQIGCw/QIBARsBgZaoSlAABg+UHCBDICBisTFWCEiBgsPwAAQIZAYOVqUpQAgQMlh8gQCAjYLAyVQlKgIDB8gMECGQEDFamKkEJEDBYfoAAgYyAwcpUJSgBAgbLDxAgkBEwWJmqBCVAwGD5AQIEMgIGK1OVoAQIGCw/QIBARsBgZaoSlAABg+UHCBDICBisTFWCEiBgsPwAAQIZAYOVqUpQAgQMlh8gQCAjYLAyVQlKgIDB8gMECGQEDFamKkEJEDBYfoAAgYyAwcpUJSgBAgbLDxAgkBEwWJmqBCVAwGD5AQIEMgIGK1OVoAQIGCw/QIBARsBgZaoSlAABg+UHCBDICBisTFWCEiBgsPwAAQIZAYOVqUpQAgQMlh8gQCAjYLAyVQlKgIDB8gMECGQEDFamKkEJEDBYfoAAgYyAwcpUJSgBAgbLDxAgkBEwWJmqBCVAwGD5AQIEMgIGK1OVoAQIGCw/QIBARsBgZaoSlAABg+UHCBDICBisTFWCEiBgsPwAAQIZAYOVqUpQAgQMlh8gQCAjYLAyVQlKgIDB8gMECGQEDFamKkEJEDBYfoAAgYyAwcpUJSgBAgbLDxAgkBEwWJmqBCVAwGD5AQIEMgIGK1OVoAQIGCw/QIBARsBgZaoSlAABg+UHCBDICBisTFWCEiBgsPwAAQIZAYOVqUpQAgQMlh8gQCAjYLAyVQlKgIDB8gMECGQEDFamKkEJEDBYfoAAgYyAwcpUJSgBAgbLDxAgkBEwWJmqBCVAwGD5AQIEMgIGK1OVoAQIGCw/QIBARsBgZaoSlAABg+UHCBDICBisTFWCEiBgsPwAAQIZAYOVqUpQAgQMlh8gQCAjYLAyVQlKgIDB8gMECGQEDFamKkEJEDBYfoAAgYyAwcpUJSgBAgbLDxAgkBEwWJmqBCVAwGD5AQIEMgIGK1OVoAQIGCw/QIBARsBgZaoSlAABg+UHCBDICBisTFWCEiBgsPwAAQIZAYOVqUpQAgQMlh8gQCAjYLAyVQlKgIDB8gMECGQEDFamKkEJEDBYfoAAgYyAwcpUJSgBAgbLDxAgkBEwWJmqBCVAwGD5AQIEMgIGK1OVoAQIGCw/QIBARsBgZaoSlAABg+UHCBDICBisTFWCEiBgsPwAAQIZAYOVqUpQAgQMlh8gQCAjYLAyVQlKgIDB8gMECGQEDFamKkEJEDBYfoAAgYyAwcpUJSgBAgbLDxAgkBEwWJmqBCVAwGD5AQIEMgIGK1OVoAQIGCw/QIBARsBgZaoSlACBB1YxAJfjJb2jAAAAAElFTkSuQmCC'),
(37, 8, NULL, NULL, NULL, NULL, NULL, NULL, '', 0, '', 'scheduled', 1, '2020-07-20 22:18:32', 'data:image/png;base64,iVBORw0KGgoAAAANSUhEUgAAASwAAACWCAYAAABkW7XSAAAEYklEQVR4Xu3UAQkAAAwCwdm/9HI83BLIOdw5AgQIRAQWySkmAQIEzmB5AgIEMgIGK1OVoAQIGCw/QIBARsBgZaoSlAABg+UHCBDICBisTFWCEiBgsPwAAQIZAYOVqUpQAgQMlh8gQCAjYLAyVQlKgIDB8gMECGQEDFamKkEJEDBYfoAAgYyAwcpUJSgBAgbLDxAgkBEwWJmqBCVAwGD5AQIEMgIGK1OVoAQIGCw/QIBARsBgZaoSlAABg+UHCBDICBisTFWCEiBgsPwAAQIZAYOVqUpQAgQMlh8gQCAjYLAyVQlKgIDB8gMECGQEDFamKkEJEDBYfoAAgYyAwcpUJSgBAgbLDxAgkBEwWJmqBCVAwGD5AQIEMgIGK1OVoAQIGCw/QIBARsBgZaoSlAABg+UHCBDICBisTFWCEiBgsPwAAQIZAYOVqUpQAgQMlh8gQCAjYLAyVQlKgIDB8gMECGQEDFamKkEJEDBYfoAAgYyAwcpUJSgBAgbLDxAgkBEwWJmqBCVAwGD5AQIEMgIGK1OVoAQIGCw/QIBARsBgZaoSlAABg+UHCBDICBisTFWCEiBgsPwAAQIZAYOVqUpQAgQMlh8gQCAjYLAyVQlKgIDB8gMECGQEDFamKkEJEDBYfoAAgYyAwcpUJSgBAgbLDxAgkBEwWJmqBCVAwGD5AQIEMgIGK1OVoAQIGCw/QIBARsBgZaoSlAABg+UHCBDICBisTFWCEiBgsPwAAQIZAYOVqUpQAgQMlh8gQCAjYLAyVQlKgIDB8gMECGQEDFamKkEJEDBYfoAAgYyAwcpUJSgBAgbLDxAgkBEwWJmqBCVAwGD5AQIEMgIGK1OVoAQIGCw/QIBARsBgZaoSlAABg+UHCBDICBisTFWCEiBgsPwAAQIZAYOVqUpQAgQMlh8gQCAjYLAyVQlKgIDB8gMECGQEDFamKkEJEDBYfoAAgYyAwcpUJSgBAgbLDxAgkBEwWJmqBCVAwGD5AQIEMgIGK1OVoAQIGCw/QIBARsBgZaoSlAABg+UHCBDICBisTFWCEiBgsPwAAQIZAYOVqUpQAgQMlh8gQCAjYLAyVQlKgIDB8gMECGQEDFamKkEJEDBYfoAAgYyAwcpUJSgBAgbLDxAgkBEwWJmqBCVAwGD5AQIEMgIGK1OVoAQIGCw/QIBARsBgZaoSlAABg+UHCBDICBisTFWCEiBgsPwAAQIZAYOVqUpQAgQMlh8gQCAjYLAyVQlKgIDB8gMECGQEDFamKkEJEDBYfoAAgYyAwcpUJSgBAgbLDxAgkBEwWJmqBCVAwGD5AQIEMgIGK1OVoAQIGCw/QIBARsBgZaoSlAABg+UHCBDICBisTFWCEiBgsPwAAQIZAYOVqUpQAgQMlh8gQCAjYLAyVQlKgIDB8gMECGQEDFamKkEJEDBYfoAAgYyAwcpUJSgBAgbLDxAgkBEwWJmqBCVAwGD5AQIEMgIGK1OVoAQIGCw/QIBARsBgZaoSlACBB1YxAJfjJb2jAAAAAElFTkSuQmCC'),
(38, 6, NULL, NULL, NULL, NULL, NULL, NULL, '', 0, '', 'scheduled', 1, '2020-07-22 01:00:35', 'data:image/png;base64,iVBORw0KGgoAAAANSUhEUgAAASwAAACWCAYAAABkW7XSAAAEYklEQVR4Xu3UAQkAAAwCwdm/9HI83BLIOdw5AgQIRAQWySkmAQIEzmB5AgIEMgIGK1OVoAQIGCw/QIBARsBgZaoSlAABg+UHCBDICBisTFWCEiBgsPwAAQIZAYOVqUpQAgQMlh8gQCAjYLAyVQlKgIDB8gMECGQEDFamKkEJEDBYfoAAgYyAwcpUJSgBAgbLDxAgkBEwWJmqBCVAwGD5AQIEMgIGK1OVoAQIGCw/QIBARsBgZaoSlAABg+UHCBDICBisTFWCEiBgsPwAAQIZAYOVqUpQAgQMlh8gQCAjYLAyVQlKgIDB8gMECGQEDFamKkEJEDBYfoAAgYyAwcpUJSgBAgbLDxAgkBEwWJmqBCVAwGD5AQIEMgIGK1OVoAQIGCw/QIBARsBgZaoSlAABg+UHCBDICBisTFWCEiBgsPwAAQIZAYOVqUpQAgQMlh8gQCAjYLAyVQlKgIDB8gMECGQEDFamKkEJEDBYfoAAgYyAwcpUJSgBAgbLDxAgkBEwWJmqBCVAwGD5AQIEMgIGK1OVoAQIGCw/QIBARsBgZaoSlAABg+UHCBDICBisTFWCEiBgsPwAAQIZAYOVqUpQAgQMlh8gQCAjYLAyVQlKgIDB8gMECGQEDFamKkEJEDBYfoAAgYyAwcpUJSgBAgbLDxAgkBEwWJmqBCVAwGD5AQIEMgIGK1OVoAQIGCw/QIBARsBgZaoSlAABg+UHCBDICBisTFWCEiBgsPwAAQIZAYOVqUpQAgQMlh8gQCAjYLAyVQlKgIDB8gMECGQEDFamKkEJEDBYfoAAgYyAwcpUJSgBAgbLDxAgkBEwWJmqBCVAwGD5AQIEMgIGK1OVoAQIGCw/QIBARsBgZaoSlAABg+UHCBDICBisTFWCEiBgsPwAAQIZAYOVqUpQAgQMlh8gQCAjYLAyVQlKgIDB8gMECGQEDFamKkEJEDBYfoAAgYyAwcpUJSgBAgbLDxAgkBEwWJmqBCVAwGD5AQIEMgIGK1OVoAQIGCw/QIBARsBgZaoSlAABg+UHCBDICBisTFWCEiBgsPwAAQIZAYOVqUpQAgQMlh8gQCAjYLAyVQlKgIDB8gMECGQEDFamKkEJEDBYfoAAgYyAwcpUJSgBAgbLDxAgkBEwWJmqBCVAwGD5AQIEMgIGK1OVoAQIGCw/QIBARsBgZaoSlAABg+UHCBDICBisTFWCEiBgsPwAAQIZAYOVqUpQAgQMlh8gQCAjYLAyVQlKgIDB8gMECGQEDFamKkEJEDBYfoAAgYyAwcpUJSgBAgbLDxAgkBEwWJmqBCVAwGD5AQIEMgIGK1OVoAQIGCw/QIBARsBgZaoSlAABg+UHCBDICBisTFWCEiBgsPwAAQIZAYOVqUpQAgQMlh8gQCAjYLAyVQlKgIDB8gMECGQEDFamKkEJEDBYfoAAgYyAwcpUJSgBAgbLDxAgkBEwWJmqBCVAwGD5AQIEMgIGK1OVoAQIGCw/QIBARsBgZaoSlACBB1YxAJfjJb2jAAAAAElFTkSuQmCC'),
(39, 9, NULL, NULL, NULL, NULL, NULL, NULL, '', 0, '', 'scheduled', 1, '2020-07-23 00:27:50', 'data:image/png;base64,iVBORw0KGgoAAAANSUhEUgAAASwAAACWCAYAAABkW7XSAAAEYklEQVR4Xu3UAQkAAAwCwdm/9HI83BLIOdw5AgQIRAQWySkmAQIEzmB5AgIEMgIGK1OVoAQIGCw/QIBARsBgZaoSlAABg+UHCBDICBisTFWCEiBgsPwAAQIZAYOVqUpQAgQMlh8gQCAjYLAyVQlKgIDB8gMECGQEDFamKkEJEDBYfoAAgYyAwcpUJSgBAgbLDxAgkBEwWJmqBCVAwGD5AQIEMgIGK1OVoAQIGCw/QIBARsBgZaoSlAABg+UHCBDICBisTFWCEiBgsPwAAQIZAYOVqUpQAgQMlh8gQCAjYLAyVQlKgIDB8gMECGQEDFamKkEJEDBYfoAAgYyAwcpUJSgBAgbLDxAgkBEwWJmqBCVAwGD5AQIEMgIGK1OVoAQIGCw/QIBARsBgZaoSlAABg+UHCBDICBisTFWCEiBgsPwAAQIZAYOVqUpQAgQMlh8gQCAjYLAyVQlKgIDB8gMECGQEDFamKkEJEDBYfoAAgYyAwcpUJSgBAgbLDxAgkBEwWJmqBCVAwGD5AQIEMgIGK1OVoAQIGCw/QIBARsBgZaoSlAABg+UHCBDICBisTFWCEiBgsPwAAQIZAYOVqUpQAgQMlh8gQCAjYLAyVQlKgIDB8gMECGQEDFamKkEJEDBYfoAAgYyAwcpUJSgBAgbLDxAgkBEwWJmqBCVAwGD5AQIEMgIGK1OVoAQIGCw/QIBARsBgZaoSlAABg+UHCBDICBisTFWCEiBgsPwAAQIZAYOVqUpQAgQMlh8gQCAjYLAyVQlKgIDB8gMECGQEDFamKkEJEDBYfoAAgYyAwcpUJSgBAgbLDxAgkBEwWJmqBCVAwGD5AQIEMgIGK1OVoAQIGCw/QIBARsBgZaoSlAABg+UHCBDICBisTFWCEiBgsPwAAQIZAYOVqUpQAgQMlh8gQCAjYLAyVQlKgIDB8gMECGQEDFamKkEJEDBYfoAAgYyAwcpUJSgBAgbLDxAgkBEwWJmqBCVAwGD5AQIEMgIGK1OVoAQIGCw/QIBARsBgZaoSlAABg+UHCBDICBisTFWCEiBgsPwAAQIZAYOVqUpQAgQMlh8gQCAjYLAyVQlKgIDB8gMECGQEDFamKkEJEDBYfoAAgYyAwcpUJSgBAgbLDxAgkBEwWJmqBCVAwGD5AQIEMgIGK1OVoAQIGCw/QIBARsBgZaoSlAABg+UHCBDICBisTFWCEiBgsPwAAQIZAYOVqUpQAgQMlh8gQCAjYLAyVQlKgIDB8gMECGQEDFamKkEJEDBYfoAAgYyAwcpUJSgBAgbLDxAgkBEwWJmqBCVAwGD5AQIEMgIGK1OVoAQIGCw/QIBARsBgZaoSlAABg+UHCBDICBisTFWCEiBgsPwAAQIZAYOVqUpQAgQMlh8gQCAjYLAyVQlKgIDB8gMECGQEDFamKkEJEDBYfoAAgYyAwcpUJSgBAgbLDxAgkBEwWJmqBCVAwGD5AQIEMgIGK1OVoAQIGCw/QIBARsBgZaoSlACBB1YxAJfjJb2jAAAAAElFTkSuQmCC'),
(40, 6, NULL, NULL, NULL, NULL, NULL, NULL, '', 0, '', 'scheduled', 1, '2020-07-30 00:49:09', 'data:image/png;base64,iVBORw0KGgoAAAANSUhEUgAAASwAAACWCAYAAABkW7XSAAAEYklEQVR4Xu3UAQkAAAwCwdm/9HI83BLIOdw5AgQIRAQWySkmAQIEzmB5AgIEMgIGK1OVoAQIGCw/QIBARsBgZaoSlAABg+UHCBDICBisTFWCEiBgsPwAAQIZAYOVqUpQAgQMlh8gQCAjYLAyVQlKgIDB8gMECGQEDFamKkEJEDBYfoAAgYyAwcpUJSgBAgbLDxAgkBEwWJmqBCVAwGD5AQIEMgIGK1OVoAQIGCw/QIBARsBgZaoSlAABg+UHCBDICBisTFWCEiBgsPwAAQIZAYOVqUpQAgQMlh8gQCAjYLAyVQlKgIDB8gMECGQEDFamKkEJEDBYfoAAgYyAwcpUJSgBAgbLDxAgkBEwWJmqBCVAwGD5AQIEMgIGK1OVoAQIGCw/QIBARsBgZaoSlAABg+UHCBDICBisTFWCEiBgsPwAAQIZAYOVqUpQAgQMlh8gQCAjYLAyVQlKgIDB8gMECGQEDFamKkEJEDBYfoAAgYyAwcpUJSgBAgbLDxAgkBEwWJmqBCVAwGD5AQIEMgIGK1OVoAQIGCw/QIBARsBgZaoSlAABg+UHCBDICBisTFWCEiBgsPwAAQIZAYOVqUpQAgQMlh8gQCAjYLAyVQlKgIDB8gMECGQEDFamKkEJEDBYfoAAgYyAwcpUJSgBAgbLDxAgkBEwWJmqBCVAwGD5AQIEMgIGK1OVoAQIGCw/QIBARsBgZaoSlAABg+UHCBDICBisTFWCEiBgsPwAAQIZAYOVqUpQAgQMlh8gQCAjYLAyVQlKgIDB8gMECGQEDFamKkEJEDBYfoAAgYyAwcpUJSgBAgbLDxAgkBEwWJmqBCVAwGD5AQIEMgIGK1OVoAQIGCw/QIBARsBgZaoSlAABg+UHCBDICBisTFWCEiBgsPwAAQIZAYOVqUpQAgQMlh8gQCAjYLAyVQlKgIDB8gMECGQEDFamKkEJEDBYfoAAgYyAwcpUJSgBAgbLDxAgkBEwWJmqBCVAwGD5AQIEMgIGK1OVoAQIGCw/QIBARsBgZaoSlAABg+UHCBDICBisTFWCEiBgsPwAAQIZAYOVqUpQAgQMlh8gQCAjYLAyVQlKgIDB8gMECGQEDFamKkEJEDBYfoAAgYyAwcpUJSgBAgbLDxAgkBEwWJmqBCVAwGD5AQIEMgIGK1OVoAQIGCw/QIBARsBgZaoSlAABg+UHCBDICBisTFWCEiBgsPwAAQIZAYOVqUpQAgQMlh8gQCAjYLAyVQlKgIDB8gMECGQEDFamKkEJEDBYfoAAgYyAwcpUJSgBAgbLDxAgkBEwWJmqBCVAwGD5AQIEMgIGK1OVoAQIGCw/QIBARsBgZaoSlAABg+UHCBDICBisTFWCEiBgsPwAAQIZAYOVqUpQAgQMlh8gQCAjYLAyVQlKgIDB8gMECGQEDFamKkEJEDBYfoAAgYyAwcpUJSgBAgbLDxAgkBEwWJmqBCVAwGD5AQIEMgIGK1OVoAQIGCw/QIBARsBgZaoSlACBB1YxAJfjJb2jAAAAAElFTkSuQmCC'),
(41, 9, NULL, NULL, NULL, NULL, NULL, NULL, '', 0, '', 'scheduled', 1, '2020-08-03 17:08:46', 'data:image/png;base64,iVBORw0KGgoAAAANSUhEUgAAASwAAACWCAYAAABkW7XSAAAEYklEQVR4Xu3UAQkAAAwCwdm/9HI83BLIOdw5AgQIRAQWySkmAQIEzmB5AgIEMgIGK1OVoAQIGCw/QIBARsBgZaoSlAABg+UHCBDICBisTFWCEiBgsPwAAQIZAYOVqUpQAgQMlh8gQCAjYLAyVQlKgIDB8gMECGQEDFamKkEJEDBYfoAAgYyAwcpUJSgBAgbLDxAgkBEwWJmqBCVAwGD5AQIEMgIGK1OVoAQIGCw/QIBARsBgZaoSlAABg+UHCBDICBisTFWCEiBgsPwAAQIZAYOVqUpQAgQMlh8gQCAjYLAyVQlKgIDB8gMECGQEDFamKkEJEDBYfoAAgYyAwcpUJSgBAgbLDxAgkBEwWJmqBCVAwGD5AQIEMgIGK1OVoAQIGCw/QIBARsBgZaoSlAABg+UHCBDICBisTFWCEiBgsPwAAQIZAYOVqUpQAgQMlh8gQCAjYLAyVQlKgIDB8gMECGQEDFamKkEJEDBYfoAAgYyAwcpUJSgBAgbLDxAgkBEwWJmqBCVAwGD5AQIEMgIGK1OVoAQIGCw/QIBARsBgZaoSlAABg+UHCBDICBisTFWCEiBgsPwAAQIZAYOVqUpQAgQMlh8gQCAjYLAyVQlKgIDB8gMECGQEDFamKkEJEDBYfoAAgYyAwcpUJSgBAgbLDxAgkBEwWJmqBCVAwGD5AQIEMgIGK1OVoAQIGCw/QIBARsBgZaoSlAABg+UHCBDICBisTFWCEiBgsPwAAQIZAYOVqUpQAgQMlh8gQCAjYLAyVQlKgIDB8gMECGQEDFamKkEJEDBYfoAAgYyAwcpUJSgBAgbLDxAgkBEwWJmqBCVAwGD5AQIEMgIGK1OVoAQIGCw/QIBARsBgZaoSlAABg+UHCBDICBisTFWCEiBgsPwAAQIZAYOVqUpQAgQMlh8gQCAjYLAyVQlKgIDB8gMECGQEDFamKkEJEDBYfoAAgYyAwcpUJSgBAgbLDxAgkBEwWJmqBCVAwGD5AQIEMgIGK1OVoAQIGCw/QIBARsBgZaoSlAABg+UHCBDICBisTFWCEiBgsPwAAQIZAYOVqUpQAgQMlh8gQCAjYLAyVQlKgIDB8gMECGQEDFamKkEJEDBYfoAAgYyAwcpUJSgBAgbLDxAgkBEwWJmqBCVAwGD5AQIEMgIGK1OVoAQIGCw/QIBARsBgZaoSlAABg+UHCBDICBisTFWCEiBgsPwAAQIZAYOVqUpQAgQMlh8gQCAjYLAyVQlKgIDB8gMECGQEDFamKkEJEDBYfoAAgYyAwcpUJSgBAgbLDxAgkBEwWJmqBCVAwGD5AQIEMgIGK1OVoAQIGCw/QIBARsBgZaoSlAABg+UHCBDICBisTFWCEiBgsPwAAQIZAYOVqUpQAgQMlh8gQCAjYLAyVQlKgIDB8gMECGQEDFamKkEJEDBYfoAAgYyAwcpUJSgBAgbLDxAgkBEwWJmqBCVAwGD5AQIEMgIGK1OVoAQIGCw/QIBARsBgZaoSlACBB1YxAJfjJb2jAAAAAElFTkSuQmCC'),
(42, 9, NULL, NULL, NULL, NULL, NULL, NULL, '', 0, '', 'scheduled', 1, '2020-08-03 17:31:02', 'data:image/png;base64,iVBORw0KGgoAAAANSUhEUgAAASwAAACWCAYAAABkW7XSAAAEYklEQVR4Xu3UAQkAAAwCwdm/9HI83BLIOdw5AgQIRAQWySkmAQIEzmB5AgIEMgIGK1OVoAQIGCw/QIBARsBgZaoSlAABg+UHCBDICBisTFWCEiBgsPwAAQIZAYOVqUpQAgQMlh8gQCAjYLAyVQlKgIDB8gMECGQEDFamKkEJEDBYfoAAgYyAwcpUJSgBAgbLDxAgkBEwWJmqBCVAwGD5AQIEMgIGK1OVoAQIGCw/QIBARsBgZaoSlAABg+UHCBDICBisTFWCEiBgsPwAAQIZAYOVqUpQAgQMlh8gQCAjYLAyVQlKgIDB8gMECGQEDFamKkEJEDBYfoAAgYyAwcpUJSgBAgbLDxAgkBEwWJmqBCVAwGD5AQIEMgIGK1OVoAQIGCw/QIBARsBgZaoSlAABg+UHCBDICBisTFWCEiBgsPwAAQIZAYOVqUpQAgQMlh8gQCAjYLAyVQlKgIDB8gMECGQEDFamKkEJEDBYfoAAgYyAwcpUJSgBAgbLDxAgkBEwWJmqBCVAwGD5AQIEMgIGK1OVoAQIGCw/QIBARsBgZaoSlAABg+UHCBDICBisTFWCEiBgsPwAAQIZAYOVqUpQAgQMlh8gQCAjYLAyVQlKgIDB8gMECGQEDFamKkEJEDBYfoAAgYyAwcpUJSgBAgbLDxAgkBEwWJmqBCVAwGD5AQIEMgIGK1OVoAQIGCw/QIBARsBgZaoSlAABg+UHCBDICBisTFWCEiBgsPwAAQIZAYOVqUpQAgQMlh8gQCAjYLAyVQlKgIDB8gMECGQEDFamKkEJEDBYfoAAgYyAwcpUJSgBAgbLDxAgkBEwWJmqBCVAwGD5AQIEMgIGK1OVoAQIGCw/QIBARsBgZaoSlAABg+UHCBDICBisTFWCEiBgsPwAAQIZAYOVqUpQAgQMlh8gQCAjYLAyVQlKgIDB8gMECGQEDFamKkEJEDBYfoAAgYyAwcpUJSgBAgbLDxAgkBEwWJmqBCVAwGD5AQIEMgIGK1OVoAQIGCw/QIBARsBgZaoSlAABg+UHCBDICBisTFWCEiBgsPwAAQIZAYOVqUpQAgQMlh8gQCAjYLAyVQlKgIDB8gMECGQEDFamKkEJEDBYfoAAgYyAwcpUJSgBAgbLDxAgkBEwWJmqBCVAwGD5AQIEMgIGK1OVoAQIGCw/QIBARsBgZaoSlAABg+UHCBDICBisTFWCEiBgsPwAAQIZAYOVqUpQAgQMlh8gQCAjYLAyVQlKgIDB8gMECGQEDFamKkEJEDBYfoAAgYyAwcpUJSgBAgbLDxAgkBEwWJmqBCVAwGD5AQIEMgIGK1OVoAQIGCw/QIBARsBgZaoSlAABg+UHCBDICBisTFWCEiBgsPwAAQIZAYOVqUpQAgQMlh8gQCAjYLAyVQlKgIDB8gMECGQEDFamKkEJEDBYfoAAgYyAwcpUJSgBAgbLDxAgkBEwWJmqBCVAwGD5AQIEMgIGK1OVoAQIGCw/QIBARsBgZaoSlACBB1YxAJfjJb2jAAAAAElFTkSuQmCC'),
(43, 9, NULL, NULL, NULL, NULL, NULL, NULL, '', 0, '', 'scheduled', 1, '2020-08-04 18:59:00', 'data:image/png;base64,iVBORw0KGgoAAAANSUhEUgAAASwAAACWCAYAAABkW7XSAAAEYklEQVR4Xu3UAQkAAAwCwdm/9HI83BLIOdw5AgQIRAQWySkmAQIEzmB5AgIEMgIGK1OVoAQIGCw/QIBARsBgZaoSlAABg+UHCBDICBisTFWCEiBgsPwAAQIZAYOVqUpQAgQMlh8gQCAjYLAyVQlKgIDB8gMECGQEDFamKkEJEDBYfoAAgYyAwcpUJSgBAgbLDxAgkBEwWJmqBCVAwGD5AQIEMgIGK1OVoAQIGCw/QIBARsBgZaoSlAABg+UHCBDICBisTFWCEiBgsPwAAQIZAYOVqUpQAgQMlh8gQCAjYLAyVQlKgIDB8gMECGQEDFamKkEJEDBYfoAAgYyAwcpUJSgBAgbLDxAgkBEwWJmqBCVAwGD5AQIEMgIGK1OVoAQIGCw/QIBARsBgZaoSlAABg+UHCBDICBisTFWCEiBgsPwAAQIZAYOVqUpQAgQMlh8gQCAjYLAyVQlKgIDB8gMECGQEDFamKkEJEDBYfoAAgYyAwcpUJSgBAgbLDxAgkBEwWJmqBCVAwGD5AQIEMgIGK1OVoAQIGCw/QIBARsBgZaoSlAABg+UHCBDICBisTFWCEiBgsPwAAQIZAYOVqUpQAgQMlh8gQCAjYLAyVQlKgIDB8gMECGQEDFamKkEJEDBYfoAAgYyAwcpUJSgBAgbLDxAgkBEwWJmqBCVAwGD5AQIEMgIGK1OVoAQIGCw/QIBARsBgZaoSlAABg+UHCBDICBisTFWCEiBgsPwAAQIZAYOVqUpQAgQMlh8gQCAjYLAyVQlKgIDB8gMECGQEDFamKkEJEDBYfoAAgYyAwcpUJSgBAgbLDxAgkBEwWJmqBCVAwGD5AQIEMgIGK1OVoAQIGCw/QIBARsBgZaoSlAABg+UHCBDICBisTFWCEiBgsPwAAQIZAYOVqUpQAgQMlh8gQCAjYLAyVQlKgIDB8gMECGQEDFamKkEJEDBYfoAAgYyAwcpUJSgBAgbLDxAgkBEwWJmqBCVAwGD5AQIEMgIGK1OVoAQIGCw/QIBARsBgZaoSlAABg+UHCBDICBisTFWCEiBgsPwAAQIZAYOVqUpQAgQMlh8gQCAjYLAyVQlKgIDB8gMECGQEDFamKkEJEDBYfoAAgYyAwcpUJSgBAgbLDxAgkBEwWJmqBCVAwGD5AQIEMgIGK1OVoAQIGCw/QIBARsBgZaoSlAABg+UHCBDICBisTFWCEiBgsPwAAQIZAYOVqUpQAgQMlh8gQCAjYLAyVQlKgIDB8gMECGQEDFamKkEJEDBYfoAAgYyAwcpUJSgBAgbLDxAgkBEwWJmqBCVAwGD5AQIEMgIGK1OVoAQIGCw/QIBARsBgZaoSlAABg+UHCBDICBisTFWCEiBgsPwAAQIZAYOVqUpQAgQMlh8gQCAjYLAyVQlKgIDB8gMECGQEDFamKkEJEDBYfoAAgYyAwcpUJSgBAgbLDxAgkBEwWJmqBCVAwGD5AQIEMgIGK1OVoAQIGCw/QIBARsBgZaoSlACBB1YxAJfjJb2jAAAAAElFTkSuQmCC'),
(44, 1, '無', NULL, '臺南市關廟區大勇路181號', '彰化縣社頭鄉博愛二路757號', 1, 1, '3*3', 0, '一般方案', 'evaluating', 1, '2020-08-04 21:57:00', ''),
(45, 1, '無', NULL, '臺中市后里區大勇路181號', '嘉義縣東石鄉中正路123號', 1, 1, '6*6', 0, '超值方案', 'evaluating', 1, '2020-08-04 21:58:17', ''),
(46, 9, NULL, NULL, NULL, NULL, NULL, NULL, '', 0, '', 'evaluating', 1, '2020-08-04 17:06:00', ''),
(47, 9, '無', NULL, '高雄市鼓山區中山一路2號', '高雄市燕巢區萬華路11號', NULL, NULL, '無', 0, '一般方案', 'scheduled', 1, '2020-08-22 20:40:08', 'data:image/png;base64,iVBORw0KGgoAAAANSUhEUgAAASwAAACWCAYAAABkW7XSAAAPl0lEQVR4Xu2de8htRRmHn/F2UtPyUlhpaXbDKDMJTe1CoklBhZhGdiH8o3thF4vQsgwLM8OyxCCCrEjtDysQUzTF1CJM0zAzzLyiZubdk7eJ96zZMt/2u6y19lp7r3fNb8HhO+d8a2be93nX+u2Z2e/MBHSJgAiIgBMCwYmdMlMEREAEkGDpIRABEXBDQILlJlQyVAREQIKlZ0AERMANAQmWm1DJUBEQAQmWngEREAE3BCRYbkIlQ0VABCRYegZaEYhwT4BtWxVWIRFoSUCC1RJcqcUiHAScY/4H2KhUDvJ7MQQkWIvh7rLVCI8A6yRWLsM3CqMlWKMIY/9ORHhy0op6Vv3zVgvLE5Bg6clYlUCE3wBvB6KNAiVWemAWSUCCtUj6A287wmPAxsANwK4Sq4EHrADzJFgFBLmNi5MhoIlU+vvnApzUpi6VEYGuCEiwuiI5knoi/At4IfB4gM2SWP0twCtH4qLccExAguU4eF2bHuGJKluBrwU4NonVQwG26rot1ScCbQhIsNpQG2GZfAho7qV/PxlgkxG6K5ecEpBgOQ1cV2ZHeADYEnggwLMysYqhmnDXJQKDISDBGkwo5m/IdK8qidWGYaG+EZx/PNTi2gQkWGszGt0dEb4DfNpGfnkvKsKjwCYSq9GFfDQOSbBGE8p6jkxEyXKrArx0UsoWMwPPlljV46i7FkNAgrUY7gtpdbkhYBoGXgLsK7FaSFjUaAMCEqwGsLzeGuFKYHfgiQCb5n5EeANwscTKa3TLsluCNfJ4Z7lVZwU4bNrd1Os6IcAXR45C7o2AgARrBEFcyYWVhoDZvJXtwHBjgF1HjEGujYiABGtEwcyE6G6q3UDXB9hiOReTmK34+xFikUsjICDBGkEQp+akJvtW7RPgD6uIlbLYRxb7EtyRYI0kyhHeB/xkOrdqhTkrZbGPJO6luSHBGkHEI6wHNgPuCrDDKnNaymIfQbxLdkGC5Tz6a02sZ/NaymJ3HmuZX20losshgQi/BQ5YawhorkX4N7Cdcq0cBlomLyEgwXL4QER4nOqIrcsC7LeaCxHOBQ6UWDkMtEx+GgEJlrOHou4QMPWsngvcIbFyFmSZuyIBCZaThyPCrcDzgUcDPKOO2UncfhzgiDr36x4RGDoBCdbQI1TNQU22Lj4ywMl1TE5idVuAnercr3tEwAMBCdaAoxSrwyDsUIhGx8InsfpfgM0H7J5ME4HGBCRYjZHNp0CEB6mW1dwXYJu6rSaxUmJoXWC6zxUBCdYAw9VkYj03X2I1wGDKpE4JSLA6xTlbZRF+BHyoTm7VdEuTeS6P3whGsOHrutnoqXQJBCRYA4lydiz8dQF2a2LWZGmOU7GyxdobDm1t4rPuLZOABGsAcW87BDTTI9wO7OBNrCKcCHymTW9yACGTCQsiIMFaEPgkNtcCr1hu6+I6ZkU4EzjEoVhtOPACuD9UP3WJQC0CEqxamLq/Kcutap3YGatjulzFMPP7lwEO7Z6sahwzAVcP+1gCMcsQcMIg1XF2gIO9cJn4DewV4E9e7JadwyEgwZpjLCL8l+o4+IcDPLNt0+nFvzPA89rWMc9y2XxVowTYedqotnwQkGDNKU5Z72LnADe3bTbVU3s9Ydt2uio3OaDV6lvUXFusVgvYqoHLA+zblW+qZ/4EJFg9M4/VkfB2NPzM2efeEkOzbXBm9r1tmCLsSTX8tJ9XLEo029qvcksJSLB6fCKyrYtvD7DjLE15SwzNepQLzbFKdvw+wBtj1bPdfqWThGaJj8rOh4AEqyfOXUysZxPsbvZiz+ermq6D7DoUEe4DNs+TUlNcTgvw0a7bU339E5Bgdcw4wsVUx793coxWhEeAdR6GMvl8FXB1gNd0jLd2dRG+BXx2mluErwLHeOBZ29mCbpRgdRjsLMfoglDttz7TFeEW4AUeXq5svsp8Pj7A0TM5P2Ph1JP6doDPT1cV4QHgodVOGJqxeRXviYAEqyOwXQ4BzaTJQmgnYjU5vHVh3wTmYYxgJwQ9EqoUkmWvFK93Bfh1R4+AqpkDAQnWjJAj3AHY3umdphqkF8rWCN41o4m9Fc/XA1rWwhDENcLvgDetZUs6nOOAABv3BkgVd05AgjUD0mwI+IEAP52hqiVFk1idF+Cgrursup5svsp6VxutJRBdt79Gz+l1Aa5Yq83UE7t2kXNta9mo3y8lIMFq8URE2NuO2LKiXb+oSaz+E+A5LUybS5Gp+aqF5VhNO5s+QG4JsHMdELFabWALsO3INF0OCEiwGgYpwsNUp9bcE2D7hsVXvT2J1ULzltbyJ8uvslsHs298ymbfqekQL8L1lgVf9ySitfjo9/0SkGA14Nv1xHre9NCz2LP5qnvT1jB23qEdO7bwa5LN3ranlNifGeA9C3dGBqxKQIJV4wGJcAbw7i6W1yzX3NCz2LP5ql8B7wTOD/DWGujmckuezd6mwQgfA05pK3ht2lSZdgQkWGtwy7Yu/kuAPdphXrnUZD5oqC9LNl91PlVu2cEBzu6aQ9v6lstmb1NX2knDkn23a1NeZeZDQIK1Cuc+h4DW7GQ+bMBiNcmvstSNwW3DvFI2e9tXJ8X7EwF+0LYOleuXgARrGb4R/gHs2ufhCBFuAHYZolhNzVfZYayDXBq0WjZ7m9cmwi+AQ4cYkzb+jLGMBGsqqllu1ckBjuwj6BG+CRw1xBcjm686icr/QSSETsehTjZ7m9ilHTZuDvCyNuVVpl8CEqyMb99DwElTqR3Lxr6k3/A2qz2fT0s2PhFg02a19H933Wz2tpYk37cO1enbugZEwLVgRXgIuDTAgbMwTRO3W6UFsfaztyu9DGaz7egwmCsX6/T3BwNsPRgDn/7BUiubvY39Ea4CdtNZiW3o9VvGu2BNkjiNUqvewLx6VWZgauveANv2G9b6tefzVWZXsvH6UB0/NpgrVh9K36UaqtmQrVY2e1sH0tSApW8MdnlUW988l3MtWBPwdtQ5S4cuV4ZqS9wVrwjHAl/uK7dquuEhZrFPzVetB74E/DDARxb9UEf4OfA2wHq8+XN6TYDd+7YvwjsAO5VIy3b6ht2g/lEIViZc9nX0h7MHfNlN9NKE7Sbz+KTOelYLW3MX4QTgLekgBls/Z8fCR2BjeyHTEOjVlsEe4P4Gz08nt6be0/eoek35nJnZaHtXnRPgvZ001qCStBPHlqESTV0DIDAqwcp5Zmv+Jv99U4Bd5jkETGLV6fbGEV4CfAF4PdXSmC0AE9+mPYENYj45emyePYlVek/G6p/AJwOcN4D3YzKMPy7AV4ZgT+k2jFawsl7XETbMyXpdc+vp1Mlij9WxUx9Pp7rYvlomQLZHU1MBst6I/bHN62wvc3vxzw1w3EoP+aSn2adYDbX3VPfFj3Cq9dr7ZFTXFt3n7JjztgHLcqvsZbbh0OS6O1Sb73V2xWrN4fvT/IuJzuNJgJp+OJj4WKa5zc/ZAazXAXa8+2ldGJuY2ORQpxvYeeo91eWYeuv2rNjZhroWSKDpS7RAU9s1vdwQMMIOwG15ryvtnW5LUJZcsZoTO4TqW7NtkuDZS96UnQmQDXlscvtu4K/A6QHOaudZ+1KJyWMB1rWvZUN3zr65G9zc0yw+rdIbtQ+PPQNc2Uf9qrMegaYvXb1aB3BXhDupNsFbsmdThGOovqp+cTo23l7aNhxMgKz3ZKkVto2x7XD5fWAv4MShDiFm2SBwjL2nuo9qhEuBvbvukdZtX/dVBNq8qINnl+2w0MRW+wQ1HhMmJkhHB/hGk0qSIHwwwOlNyvV9b6xSAax3UOu49pJ6T3XZx6o3efiQ8ujq2j6W+8YqWNbzscvmrGx5hZ34e2GAo+oELsKNwIuye9fXOS04idVVAV5bp5153RPhzDSs/VSAU5Zrt+TeU5M4RLgc2EM7lDah1t29oxSs7vBsmKcx8Zt8Y2e9Ljs12DZ8W3INdTlL2jrYtgB+6ltH9Z5me0Ii/Aw4zNJCZqtJpZsSkGDVJBarOap8A7+nJq2HulA4rbW07WFs25TlssYHl/dUMxwLvy1WqwK+PtS5yoUD6skACVYLsMvMkc0tt6uuuZMj7rP7F5o1XtduT/fFavXABcD+AS70ZLtXWyVYM0QuVtnY+wbYcoZqeima9nW6aUhZ4704OoBKUw/bvqA5fgDmjNoECdaowyvn5kUgzXWeEeDwebVZYjsSrBKjLp97IZB6tbZTiK3z1NUDAQlWD1BVZbkE0pY91wB/ptpR1naasNUNujogIMHqAKKqEIGcQISL7ICRtNLCTgm31Jh7AJtTNDG7DDgvwK0i14yABKsZL90tAo0JRHgz1R/bVPLldmQaYPuS2eoK21nD1rVeC/zRvnUMcHXjRgopIMEqJNByc3gEItimifun9ae72QL8tL7VknxthYYtxv97Wqd6Uah6bkVfEqyiwy/nh0ggwo5UO2HsA7wqLROzcwAss36y28dOYaRrgVeLiQRriE+sbBKBZQhEsPkwW7GwH3BjqBZjF3VJsIoKt5wVAd8EJFi+4yfrRaAoAhKsosItZ0XANwEJlu/4yXoRKIqABKuocMtZEfBNQILlO36yXgSKIiDBKircclYEfBOQYPmOn6wXgaIISLCKCrecFQHfBCRYvuMn60WgKAISrKLCLWdFwDcBCZbv+Ml6ESiKgASrqHDLWRHwTUCC5Tt+sl4EiiIgwSoq3HJWBHwTkGD5jp+sF4GiCEiwigq3nBUB3wQkWL7jJ+tFoCgCEqyiwi1nRcA3AQmW7/jJehEoioAEq6hwy1kR8E1AguU7frJeBIoiIMEqKtxyVgR8E5Bg+Y6frBeBoghIsIoKt5wVAd8EJFi+4yfrRaAoAhKsosItZ0XANwEJlu/4yXoRKIqABKuocMtZEfBNQILlO36yXgSKIiDBKircclYEfBOQYPmOn6wXgaIISLCKCrecFQHfBCRYvuMn60WgKAISrKLCLWdFwDcBCZbv+Ml6ESiKgASrqHDLWRHwTUCC5Tt+sl4EiiIgwSoq3HJWBHwTkGD5jp+sF4GiCEiwigq3nBUB3wQkWL7jJ+tFoCgCEqyiwi1nRcA3AQmW7/jJehEoioAEq6hwy1kR8E1AguU7frJeBIoiIMEqKtxyVgR8E5Bg+Y6frBeBoghIsIoKt5wVAd8EJFi+4yfrRaAoAhKsosItZ0XANwEJlu/4yXoRKIqABKuocMtZEfBNQILlO36yXgSKIiDBKircclYEfBOQYPmOn6wXgaIISLCKCrecFQHfBCRYvuMn60WgKAISrKLCLWdFwDcBCZbv+Ml6ESiKgASrqHDLWRHwTUCC5Tt+sl4EiiIgwSoq3HJWBHwT+D87ofa1xHSovAAAAABJRU5ErkJggg=='),
(48, 9, NULL, NULL, NULL, NULL, NULL, NULL, '', 0, '', 'scheduled', 1, '2020-08-05 23:53:36', 'data:image/png;base64,iVBORw0KGgoAAAANSUhEUgAAASwAAACWCAYAAABkW7XSAAAEYklEQVR4Xu3UAQkAAAwCwdm/9HI83BLIOdw5AgQIRAQWySkmAQIEzmB5AgIEMgIGK1OVoAQIGCw/QIBARsBgZaoSlAABg+UHCBDICBisTFWCEiBgsPwAAQIZAYOVqUpQAgQMlh8gQCAjYLAyVQlKgIDB8gMECGQEDFamKkEJEDBYfoAAgYyAwcpUJSgBAgbLDxAgkBEwWJmqBCVAwGD5AQIEMgIGK1OVoAQIGCw/QIBARsBgZaoSlAABg+UHCBDICBisTFWCEiBgsPwAAQIZAYOVqUpQAgQMlh8gQCAjYLAyVQlKgIDB8gMECGQEDFamKkEJEDBYfoAAgYyAwcpUJSgBAgbLDxAgkBEwWJmqBCVAwGD5AQIEMgIGK1OVoAQIGCw/QIBARsBgZaoSlAABg+UHCBDICBisTFWCEiBgsPwAAQIZAYOVqUpQAgQMlh8gQCAjYLAyVQlKgIDB8gMECGQEDFamKkEJEDBYfoAAgYyAwcpUJSgBAgbLDxAgkBEwWJmqBCVAwGD5AQIEMgIGK1OVoAQIGCw/QIBARsBgZaoSlAABg+UHCBDICBisTFWCEiBgsPwAAQIZAYOVqUpQAgQMlh8gQCAjYLAyVQlKgIDB8gMECGQEDFamKkEJEDBYfoAAgYyAwcpUJSgBAgbLDxAgkBEwWJmqBCVAwGD5AQIEMgIGK1OVoAQIGCw/QIBARsBgZaoSlAABg+UHCBDICBisTFWCEiBgsPwAAQIZAYOVqUpQAgQMlh8gQCAjYLAyVQlKgIDB8gMECGQEDFamKkEJEDBYfoAAgYyAwcpUJSgBAgbLDxAgkBEwWJmqBCVAwGD5AQIEMgIGK1OVoAQIGCw/QIBARsBgZaoSlAABg+UHCBDICBisTFWCEiBgsPwAAQIZAYOVqUpQAgQMlh8gQCAjYLAyVQlKgIDB8gMECGQEDFamKkEJEDBYfoAAgYyAwcpUJSgBAgbLDxAgkBEwWJmqBCVAwGD5AQIEMgIGK1OVoAQIGCw/QIBARsBgZaoSlAABg+UHCBDICBisTFWCEiBgsPwAAQIZAYOVqUpQAgQMlh8gQCAjYLAyVQlKgIDB8gMECGQEDFamKkEJEDBYfoAAgYyAwcpUJSgBAgbLDxAgkBEwWJmqBCVAwGD5AQIEMgIGK1OVoAQIGCw/QIBARsBgZaoSlAABg+UHCBDICBisTFWCEiBgsPwAAQIZAYOVqUpQAgQMlh8gQCAjYLAyVQlKgIDB8gMECGQEDFamKkEJEDBYfoAAgYyAwcpUJSgBAgbLDxAgkBEwWJmqBCVAwGD5AQIEMgIGK1OVoAQIGCw/QIBARsBgZaoSlAABg+UHCBDICBisTFWCEiBgsPwAAQIZAYOVqUpQAgQMlh8gQCAjYLAyVQlKgIDB8gMECGQEDFamKkEJEDBYfoAAgYyAwcpUJSgBAgbLDxAgkBEwWJmqBCVAwGD5AQIEMgIGK1OVoAQIGCw/QIBARsBgZaoSlACBB1YxAJfjJb2jAAAAAElFTkSuQmCC'),
(49, 18, '無', NULL, '高雄市阿蓮區test0507', '高雄市阿蓮區萬華路11號', NULL, NULL, '無', 0, '超值方案', 'scheduled', 1, '2020-08-22 20:39:59', 'data:image/png;base64,iVBORw0KGgoAAAANSUhEUgAAASwAAACWCAYAAABkW7XSAAAetklEQVR4Xu1dC/B3RVl+ViIJA0kEzEsoBVKSUmqpZcGYRcZUlEU6Id0mtGFsyEErbbKSbk46OU5m02WoJpQuNEVeCtQys0QK8EaQGBKI3OHj8gHiNs/v7P7Z/3675+yes3tuv/fMfAPf99uzl2d3n/Puu+9FQR5BQBAQBBaCgFpIP6WbgoAgIAhACEsWgSAgCCwGASGsxUyVdFQQEASEsGQNCAKCwGIQEMJazFRJRwUBQUAIS9aAILAyBDTwXwCOA/AIAF9UwP5LH6IGvsgxCGEtfSal/1uJgAZ+BMC5APYz+zi2l0lYX7I0kDTwkCHcXV0XwlraTEp/twoBDexFQzjcq237VRtgbJlFEZUG7gbwKAAcxz7jVObfhLC2avnLYOeIgAZuA3CQkSi6SIkb+gsKOIBj0cAXPEnkbgUcPMdxun3SwFMBXBkjKFP2LgU82n1PCGvuMyv9WxUCGnjQDIhHudBDQuIfHolOV8A7/EIauMtII4uSpowein22UlTwv1aaCoEjhLWq7SCDmRsCGrgUwPHeMYcKZO49/vfjCviGlH4vTZoy/SUxu8e84JEPwEcV8OwuHISwuhCS3wWBTAQ08ICjDLdvc6PepICvzKluSdKUBi4H8PQIQd2Jh4+qVsoia/MmM/kRwkqGSgoKAtEz3J+jubXzN99DfU0KliJNWXMDR4K0EhSV/vtp4C8BvNhD7mtVo7/KfoSwsiGTFwSBzRknJkXtUcAhfTAydXJPWv3W7G76HHMD/2inXWnJI7LNDWauNCU6rD6rSN4RBJozzgkALgpIUYNIxSjhXQU89Vr3zuWmz5hVPDJyzDtfAac6Z97PAzjcXTBtCvQ+C0skrD6oyTtbgYAG7ndsoFxd1P0KOLAvCAGSogTyoDVV6Ftvifc0cBqAP40QFI+4+xih6kap7t74UdqK3YIO6qYQ1iD45OW1IRDQHXGIg6QoVhColxt8EPGVwr7N3CB2jDOka8lrQ1alpSk5EpaaYalnNQiYIw997dyPdxGJJ0JS2TeFpcGO6KGSSCcgTQ0m85zxiYSVg5aUXQUCFaWotwJ4RYD83quAF00FngY+A+DJkWPeLQo4rK1vhuCsa1ASsdUaqxBWLWSl3tkgoIE9aHROvhRFFxcqlHs/GrgGwJG+YejUDsdd5gYpA/akKb6yVwFflvJurTJCWLWQlXonRSCg2N7oogC8XgFvGNI5DdAI8svnRFIBPZQd4i5zg65xz0maEh1W12zJ74tFQAM3A3hMQIrizdaXDh1YRNc1qv7GHYOj9A65vfy2Al6TM2YjTbmvfFY1kuOsHpGwZjUd0pkcBFqkqA8q4MScukJlI2YNva3Xh/RHA78F4NURPRSPttlB+moZdw4ZZ9e7QlhdCMnvs0FAA1cDOKqWFMWBGmtz39aIhDBYSssF0jnm7RzvzNizjnmeZEbJ6ze9vvy8aghx9o8Q1uynaLs72OICc40Cji6BTsSQc7BCPrdvLeYGg91alihNhfATwspdVVK+KgIaeDeAF5Z0JI4c9/zAd9QFPTDmLZjRuz02csy7XgFPHAK2Bv4bwDFuHWMYdw7pc9e7QlhdCMnv1RFokaJu67IRyulcxJDzTtUo60d5AqYCu6IblOjEmK4yJfqbU4cQVg5aUrYIAhp4Hc0LRpCiftQkavDtry5TwDOLDKajkj5uL336pYH7YMImW4lt6dKUHAn7rAR5pwgCLY7EjEzAeOZFnkiET0oxDDfMuFVVn44omy9TwJ+V7MCapSkhrJIrRerqRKCWC4zfsEniwGQFriQ1io2UBt4J4Icjeig6N2+SRZR8HFx34qOvUZoSwiq5aqSufRCo6UgcICkegWhqMAVJ2ZjstlvF9VCh5RXQf/Wyv1ry0hUd1pJnL9B3DZwM4I+N7xztiRi21zqu8g1/zrn5WMbGNOLf70lVRI8lRbHjUxly1jQ36Fp+c3eV6ep/6d+FsEoj2lGfBv4TwFejsUx2s/baufDnpPYcWcJKRcJP2Gm4ZJMrb5AjcUSqYCjiUQ05NXAHmnx4IbeXKxTwjFSw+pYLuMowLM0Rfetby3u1N8NacIodf0g4VSIrOg1agnCPH5Yk3Bx2zHf3aQV8YwnQjfL665yIm23ZTXayoHht277bftL26ZNdN3RTGHK2mBsEo2yWwDhwzOXHw0rBxeKg1+jrVHUKYWUgH1Du+roMSyQuobAMNypTjv+YAi7MaHKSokbC4M2dbw4QdSQ2qcapU7JHULvxUsfgS3pFgujFGh/L3KBr8Bo4FsCnvHJ/pYAf6np3G38XwkqYdUePYEtP4gCb0NXeRVocid+hANozFXs0cKsJz0Lp1JfcqsQD7zA3OFY1VuGjPWtxlRkNMEf0HLvNRbQXUCaPck0+FjgauA7A43OkqBJ9i1ibX6uAozRwNh52wh1EXBr4ZwDfFtFD8VKB8axGfTRwCYBnuY1uizlCKaBFwnKQDHjq81jydwo4pRTgU9WjgU8avzKOydW78e/VLL818C4A3xUgxrcp4MwQHhq40UkXlURcRmqjotw9ko5ibtA1pwHjzsHOzF1trvX3rScsDdxjXBosFlzkDAX7qCVPesQ/j0OirogkkB0/KRUPDXzOEM4gGymTpt1KQjvEpYE/APDjHjnZ7m0uAEok7Uwdb4R03dTsmyIiTQ1BtHl3KwlLAxcA+F5v/JPEPBo+hZu797uM3VXoJo8EXMXkwO27Bu5FY9YwiKQimz9k2mCLVlXO587PtrnK5OIztPxWEdYa9FK6ycryloh0wc1LCeqVCnjb0MXR9X7Esn3QhUSkTpec7JqdjU7RubDYOleZrjVS+vfVE1bIpqdWVtrSk8P6ItbdtqnR05obPNm+qwfrRVImmw2zsMQkQ47vDNVY7u88BhN7pB2duDRwBYCnedIk99JoNls11toS6lwtYXlERclj1LhHfSbfUYy7rjSudFEkoUJO3zRwO4CD/aOeyYacHDZYAxcBOMFzE3LHxjm6MSdonXdJUpW4WmJ27VHAITmYStn+CKySsBy7KUaQLO4t3x/u3W+2KMZZkNLFVQqgtfmoT8Qmi4RynWoScnY+pg73xs59h2N7sFR0T6+/vaQ9f0AaeDkAJkb1pb8i9XcCKAWCCKyOsIzF9YFT3xIFNsDkivHYHogozElQSRJdx7F1FKU/x+bpKLMvUVpido0aOlm4Ko7AGglr4wozRZYT53wzG8V4C0n5Mc2tVPevqjm6BR9DbtYFJ8DL4NGsmslEymb2iIuSXNQpe8xoEyl9lzLtCKyKsIy7Q5KhYcmFMTfFeGhsLbGq2vwD6a7CyBIxnRqlJzpcP7UknqXq8shoox5okSarm36UGtc217MawrKLs+0oGMjz5s69G0pkijVhIxpY0wRusEHuIzHpAcBrFPA7AfGIER/a9E7s04FTgDOkzYAvqJUmz1TA73fVbWLQn2GMYV187P9PbqjaNYa1/L4mwuKiaR2PE2PID9nC+YyFSBlrrlPbd0O2PASAt1RMFeWbQNj6gjqkueidaoDbEm3CzrOBa6f1vvtA7K5qTGBLnX0nauRutjdnJKeq19q2Bx1SWgouU0tyKX1cSpnQh6dP392PQOj4awmO5f5HNSFh5JkAgcUTlhX3x7oVdFwv+k5XqiTVt/5tei+EJaVOXrzcBODtCnhD4Oh7EoC/bzn+2mP5BapJMCHPTBBYNGFZw8GxyGqKOdPABwB8a8AeiJvyp7kpO/RO99k0WgOC7EWPoWNi0sd4UwPno4m2EdPN2bFxL4wipY+J2draWjphWdeUQcrpuU1qy8ak9GDjwAcEh40x5iBDWd3kzXuxExo5dkQKweZeHNBsgpEzT+uLb67xpgauBPA1kVtNe6xruxXlevpsqnFs33Et+T0NnGpilh2ekJMgZ+20wbJzqbFYwprKhKHGYtPA/wJ4UiB6RkzflWzUWaO/ZuffgiYBqkugKeup1f+xxXjzfjMW2ni5G4H1heLqE6Msg0+zphhaaHE3oYGv12WGvFMyJ6XMW5+lNET94b6r7IVarY72GVzWO2ZxXa+ajb7IJ6DADymRrT7lT1RzBFzUYxycabi5YwLgHG/dmPh916JN3HCHvS3tC5CZj9GMjjXwFya4IQmS+Fg3oJBkkoNPLlH4685VARDfzUcGwHsV8NK++AZIlR8hEqo7tlZD3xwQSvWzSD1mcTGzLr39F/kEFPicDx776Kh96FwHpYFXAfg5AIc50o5dS33XlLtp7NGSyVIvV8Dzx8AidtusmxT332MCPbqp2dgtd7wxaa9E99tIxX7UeAznLebxJRqsUUdEgm4lKbcffRdXjbFk1Tn21zCrcwsprBvnXt6CMdqA+3X3N2LOiNyvM9+zX2dGcPWPbvbr7eYd5CVB72ivJu/jMebL3ZZEtsbaD2WEJgaubo8fpNsAvEo1ae5X/wwlqTURltzqNLuBEVRP9KKOlpJ4LAFxMzLB6PmxWOzuwupKFaYboqS1PSVJK7W4+jBXokgll5yjUEhisRmwKalsJF0A56iG2OXJQKAkSa2JsEb3G8yYs+yiGvggmqzCPOb6eozUTeu360o89kt/M4A3hdxzsjvtvOCkrhpSTehd/7joSi0kUpILM+8MCsWzpouc0hOQUl8tkhLCSkE/o4xJivACNC4yPtmU0nH4xMNNej2AVyjgHzO6W62o4/pkFeF+n/nvjM/+fgV8X1dHAlmMquosxzZC7hr/En4fg6S2lrAyiIUYpUo0OccQV8dhpR06HF+tGslKngACAbOPKqoAIay05Tc2Sa2FsChhpJKKJaAc37O2YwivY+n6cfESTQ3SluU8S3kRKIqqBFIifswTlfq9mpKk1kxYOQRWf5bn2YI4X483L6WwniR8zVxIai2EtYmYST9CDdBehy4pORLUeMt2Xi3lHGHn1fPl9aYU1juW3rUhmCNJrYWwNsk11+z4XHtxrq1+/7gI4KU5tk4mGukBY68p3aQxOz1ghHqvajIWVX3mTlJrISxKVY8ce3FVXTlSeREETDhoNwVZkiW1Ue5/1RhrqiVU83tUY1Vf9VkSSa2FsK4D8IQxFlfVlSOVV0XAC4/certY85ZQA78B4OxAmKAxfRezffeqTk6PyhetpHYN/QpEAu0B39a9YqNETJoVpw/qgePirhyLNcjKxB+zdnm228TwEgU8p884ct9ZqiQVG+eiCYuDMkTF8CxPEaV77nLOLu8rkTdOt1On9coZhbmgcdN+8fJm4xI0VFrXwE+hSWrhJ18dTYoye2LxktSaCcvNr0cl5aqC+eVsxrHKauBNAF4Z2JgksMWky8o5Lsaw1QAT5NJZ2/34E4dPKODpI87JaklqFTosdxCOD1uScnWsRbQt7WjgVgCPjhDY4CiotXB0UtzbSK5GQMHtsdhaukkye1EoZLVqYjuN9hjXJRKlGwVj1Xtg8UdCRzGwcYJd0vFktJU9ckMR3Y0lA4aPmVwKDuUD0MA9xhfUIrY5yukmHAwJ2ZeirlHA0WPC65Csbdau+2h26zH7V7uttREWV5SvP6iNodTfgUAk6zTf4mYbPVih1WN1JN0NuX5V8WHsWkCBhLg8cs5Wcu0az5DfV0dYVLyrcIzvITjJuwURaEniSgJ7i2qimVZ5jLR0iE9WGvi8ibbhS1FuFNFRCCtiSEqSoo6WcfS39lkbYVnfrVWf49e2Ws0xx0/DVYUcGALHJjQISC4bqS+ki9JNMD+SRa1+7TEBGH3CPFcBP7G2Oe87njUSFm8N95ejYd8lMf17jp5mj2p0R0Uea7cX0EXdooAjuhqx/Sq1tiJH5SqE2DW2pfy+JsLa6ByMM/TO/y9lIqSfuxEw5DL4EiVHikqZg1iiipR3WSaSc3LwOFPbX3q5VRKWWRhya7jg1dk3XLEGrgZwVCBWWhHjTaN/y5LgAzd7nJki/VnwFPfq+poJ627qBEqJ773QlZd6I5BDWDEpCsB3AHhfaXOXlL7JzV7vqW99cU2EtRMfy464hn9YnWmQWn0E2uZOA1cAeFpAF3WPG45l6PEtNishswi52RtnDa+asJyjoSgyx1lPxVrxFdyBhBRsi8f+lyvgDwOEx9+qmbg4Cnw2LTd7xWa+vaI1ERaTOewXsK/h1/g4ORqOtKIKNWOs5ZnC3X1ottJpKZ9yZOvbTbnZ64tcmffWRFh0/gwqQ+VoWGax1K7Fk6JsZAhKSm9UwC90te+8X1Syit3sGR++om11jXHbf18TYbUq2R0lqCywmax6DfwDgJO8I9WGqFIl4oByu8jxP+VmTwMfAfCs1L7OBPZFd2NNhPVhAN/c4R/2OgC/amZMiGvkpauBNwI4y8QtcyMM8Ki3SRPftfk1ELMIZ5JV/wiZNcI+N3s1j59Znd+SwqshLEfB/h8KeG7b/GngBgCPE+Kqu8o1cDOAxwRsonjM23gkpBBV5EjGOl6tmthcvZ5SN3uGtD6qgG/q1RF5KRmBNRJWchA/xz9sw3fiNJ28bvYpqBvJiRIU15S/rihB0c3mEPNhoSdCq0QVsa0abBHeIqH19tkTHWn/dZP75hoJK9vx2YuDZHMbhjZeLr5SPh2BUklH01uUkj4Cc58DChXredr8zzRwAYAX2fjdCWnu/fjl6wFqmpF04dn1+zS93q5W5zwHG65aDWHZnHLGmDBFOrKS1EafogBmN9k81l/M/LXIrdOS1r0GmELt8ZH1QbwuVMD3d43JHJV2Hf0it2+Dj3pm3ja2eF6/RvPZMx9MKv931lIXRvJ7NwI2IxbDAi2GsEzgNYbWtXGTuvruEtIDqkkUkPV4dkGrJC4NPB/AxY7k6WKUZKgZOFfs6KgAfArAsQFr8CLJKvrc7GUtgozCosvKACuxqNmDtK+cl4RllKGMS51DSJs0UwD4VTuo1hWzJxUUkQYS56t4MQ18GsCTW6Sn9yngO/s07EpUxnTBd1m5QwGH9qnbkX5Dad1nE43TrMFsPeoQTNb8LgMumnDQm0zeXVJKMSyMYpuN2pjrXW2zo5aQ7lbN9XjrU4uwnM3iHjlmT1y6uZVj6F9mcwnd3O3tI3l2SFTuz0Wk0ho3e11rqe/vVuLrsifrW/82vWfIigt3Z+12kUYyPsaDnRsjl5B4fPicar76g57ahOUQl5sLcTQdSRc4ujl+HdMiPX1EAc/rqqfrdw3cC2DzxbPuKeb/bWZo+1tXVdHfl+yzVyr4YG/wFv6ic6KhzmoXR/UirIjiNPDh3UhIJKR3KeCU2jiOrUPw9CejHwNakjkQd+rtBit/DXG4H6LQPBdJjrCWaJwiZeXtdCPs8CPn8lFQOs8iLCdTLvVG9gqU0sYLFPChvG6WLz02YUUkLhLFAaVHp4HLTQwoV4J1LxaYafgZQ9ptIUC/2iJHPVaa4rM3ZExTvDvVOpxirH3a1MCvAHhtKBktgJtUc0MdfJIIy5MkmBV3kOK0zyBT3pn6y+alPmcYlOybSYcE7zPHrpDuKXrDpoHfBfCTjtuLa+KRNN8BrPmBIkkNPuoZknKP1Oaf1pFnT8gqvFMj0jM/uFm3xa0L2LNHGv3Ik0JSbpmpCcshGzcJZ2fmFw38Gxo/tFASWHvxUIJ4QpDa+vlle0Iu5inlS/nspbQ1ZRkhq4fRj1yUsMAg6TxIWBq4FcBXmOYHNTDmAiqdhmlo3z2Jy5UqLO59JR57FHSPhCRJplpnWiw3x59rvWzJ6TwFvGzo+NreX9LNXgkchKw2x3tfcrbSc2fQxdQ52GfDODqFxTkD98lokgqUBm5Bc8SjJbV/E1qSeDjptyngiR2EcD2Awz1y8gRO0PSiyDEuBacl3+yljC9WZlvJKqLzLHZTHMI7RFg+S87+KOgcxToz5WjgDjRKcRKP78JTgnhsbKeQ7old5b/bSwtKRVcp4LgOcmKfaeUfczmqukg6+rbXYOm6xMzeRm0IQXlfha3JgWnCMtmPpAsD1/M5CvjlUrjG6olu0AB72k3mf8Udvtgx9GRZGln+n2qym4zyaGATxG9AY+5Ryx6fOI4/UsDP+vVq4G8BnNyie7pBAU8KvBcSnX0c28gpS1E5AI/gqyYsjyVQlimqlC/d31r1bYNkZU5croqBcBYzm8mdmySJwpCXexTKacfVoeS8Z6WR3HeWWN4SZYcw09i1KYAuTKM/nk6O7W+NJBX46KxSsorYRM1mrpMIa+jO0MAn0OhkbIRJXykcIqeNl//QthfyPueBG4A2XDthfs3xlXoz/wsX2D8bKYcmJxTZiz2OItV+eBZzCVMMBK+iNUlWQ2yiauHbVu8ohDXFwHLbNORwUMTnjsR5tgLenFtvjfIa+AEA5yXE9rL+mLuIsKtPAWPOxV3AdI0x93cjefCDuzmqL9lXsJRNVC6GJcpvLWGZeON0DvbjJ3GT85busBIAj12H4+cX04GxS5bIKNW9RAF/E7jhYxk6ndNMYqueDov/xUmYJscj3bT8/b64sWwVYQWSIvAYxefNCjh7zbtSAzcZ27rU4yXTvm9isK/10cC/A3hmh2kIiZtYLIq4x7CJmmJdrJ6wIplbbl2qBFVikYSU547JRGxNWKmMN5TFfSVLjKutDnOzSX1g2+0rP2CXKuA5tftTuv4pbKJKjyGlvlUSlpDUvlPfR3lujhJuUMXYmprrOopd2mT7sKVspjHLzMEmaszx2rbmutCysRCSCpKUH+O8iPJcAx83cbesqctcb3Pt7SuNnweH2slelIVe0MDrAfyi0bdSCvST0BYJJVSou1WrWTRhCUkFSYqW5/Y2iwW2VnlededUqFw30WEZWbdNz0jC4oeHc7x1z+IIawkkpZt4Pl9vMs8caRYhbx0PNn/4tae9FXVB9PXj4mOQPH45rdTixra3ehc7X7F5c//dSj1tt4VLXfAcmx0rb7r8m95Zj8sctTn3KTe5i9QZ1pqAxRCWTfUTAGJux5Ehlv015nlu/SkxRrtuN8Tlh9Et0UCJOpxorSnElGUrV6J/S6xjSYRlb6l8nDkGa56QMge+v6BbL+2SWBf/yz/0+aMe6AEAPGrxD0O43GX+3EybLQDXArgBwMdU899qTx/lebXOVK7YpHajOYHd8Hbu7lQPhz+q3Ivu6h3XtS5i4tpavblIN2L9SyyGsPoPcflvbovl+ZwJSgNXAXhKopsUP3YXK+C7l7/65jUCIax5zceu3nhEtTrl+RwJygQepH6pTfG94ykwlSP6jJdt1a4JYVWFt1/lDlHxCLEapeucCMr3DYzMlCWmRZtF9FuF83xLCGtm82IuF9irKtl3xhzuHAgqU7/ExLJ0gJdnpggIYc1kYpw074u7prcQTkVQGng3U8050Stis2qDMn5GNQln5VkYAkJYE0+YOZpsAvItLWTJ2ASVGB9M9EsTr+mazQth1US3o243Ma1qDEdn/YxFUJkhclaj45v15M+kc0JYE0yEe/s3Z6mqNkFlGlZSv8Q48vJsMQJCWCNP/pyV6kMJSgM3Gtcj617kuxL5jrsu+la/xOCJR4w8LdLcQhAQwhppouaoVG8hKOs54K6PrrWS4gLkpjf7ddVEIZBHEEhGoGsRJlckBcMI1FSqJ0g0Rpcf7JslmBSiYQWuS5P9u3VjuksBj5M1IAjURkAIqyLCLQ7bXa2mOHTnEI3vi0eioX+kEE3XTMjvs0JACKvidOiHkz3ktuI6dLuSTatEo4Hr0Eg6Nqv1LJ2Fc8GQ8oKARUAIa8FrQQP/BOBEL/M0SW3PnKIZLBhi6frMEBDCmtmEtHVHA2cww48J/OcWvQ/ADyrgPQsajnRVEMhGQAgrG7JxXzCKdT+bM8OXXKiAU8btjbQmCEyLgBDWtPjv07oGPgzg2d4xj7qoaxVw1My6K90RBEZFQAhrVLj3bUwDvwTgtSa2u1uAkU2fp4CPTdxFaV4QmA0CQlgTTIUGbjVZmN3WGY75PAWcPkGXpElBYBEICGGNME0auMxk0XHx5jHvagUcO0IXpAlBYBUICGFVmEbd3OT9jEnf5bZwJ1N/KYC3evIIAoJAJgJCWJmAhYrrJqsws+Uww4v7MOPO7yngrALNSBWCwNYjIITVcwlo4EoARzsJPVkTj3lM9XV8z2rlNUFAEGhBQAgrcXlo4FwALzEZmt23blfAoYnVSDFBQBAYgIAQVgQ83aSa/xD2DRpHp+FzFPBrA3CXVwUBQaAHAkJYDmgauAbAkd4xj755lyjguT3wlVcEAUGgIAJbTVgauADAySa6gQvrTRLfqeAqk6oEgUIIbBVhaeAkAH+N5lbPffYCOEsBby+Eq1QjCAgCFRBYPWFp4AMAvsWTonjMe78CXlgBU6lSEBAEKiGwWsIymWnc1FkkqX9RTfwoeQQBQWCBCKyZsOib9wgnFjn/vr8zR/TnO1MB71zgvEmXBYGtRGC1hBWbTQ2cCuCt2G07dS+ASxXw7Vu5CmTQgsBCENgawtINGZ3gzQsNPk8DcBB1XGqTLV4eQUAQmCsCW7NBdUNWPmE9FsBxRiF/uQLOnOtESb8EAUFAJApZA4KAILAgBP4fsBEPFFrdaZMAAAAASUVORK5CYII='),
(50, 9, NULL, NULL, NULL, NULL, NULL, NULL, '', 0, '', 'scheduled', 1, '2020-08-08 02:04:23', 'data:image/png;base64,iVBORw0KGgoAAAANSUhEUgAAASwAAACWCAYAAABkW7XSAAAEYklEQVR4Xu3UAQkAAAwCwdm/9HI83BLIOdw5AgQIRAQWySkmAQIEzmB5AgIEMgIGK1OVoAQIGCw/QIBARsBgZaoSlAABg+UHCBDICBisTFWCEiBgsPwAAQIZAYOVqUpQAgQMlh8gQCAjYLAyVQlKgIDB8gMECGQEDFamKkEJEDBYfoAAgYyAwcpUJSgBAgbLDxAgkBEwWJmqBCVAwGD5AQIEMgIGK1OVoAQIGCw/QIBARsBgZaoSlAABg+UHCBDICBisTFWCEiBgsPwAAQIZAYOVqUpQAgQMlh8gQCAjYLAyVQlKgIDB8gMECGQEDFamKkEJEDBYfoAAgYyAwcpUJSgBAgbLDxAgkBEwWJmqBCVAwGD5AQIEMgIGK1OVoAQIGCw/QIBARsBgZaoSlAABg+UHCBDICBisTFWCEiBgsPwAAQIZAYOVqUpQAgQMlh8gQCAjYLAyVQlKgIDB8gMECGQEDFamKkEJEDBYfoAAgYyAwcpUJSgBAgbLDxAgkBEwWJmqBCVAwGD5AQIEMgIGK1OVoAQIGCw/QIBARsBgZaoSlAABg+UHCBDICBisTFWCEiBgsPwAAQIZAYOVqUpQAgQMlh8gQCAjYLAyVQlKgIDB8gMECGQEDFamKkEJEDBYfoAAgYyAwcpUJSgBAgbLDxAgkBEwWJmqBCVAwGD5AQIEMgIGK1OVoAQIGCw/QIBARsBgZaoSlAABg+UHCBDICBisTFWCEiBgsPwAAQIZAYOVqUpQAgQMlh8gQCAjYLAyVQlKgIDB8gMECGQEDFamKkEJEDBYfoAAgYyAwcpUJSgBAgbLDxAgkBEwWJmqBCVAwGD5AQIEMgIGK1OVoAQIGCw/QIBARsBgZaoSlAABg+UHCBDICBisTFWCEiBgsPwAAQIZAYOVqUpQAgQMlh8gQCAjYLAyVQlKgIDB8gMECGQEDFamKkEJEDBYfoAAgYyAwcpUJSgBAgbLDxAgkBEwWJmqBCVAwGD5AQIEMgIGK1OVoAQIGCw/QIBARsBgZaoSlAABg+UHCBDICBisTFWCEiBgsPwAAQIZAYOVqUpQAgQMlh8gQCAjYLAyVQlKgIDB8gMECGQEDFamKkEJEDBYfoAAgYyAwcpUJSgBAgbLDxAgkBEwWJmqBCVAwGD5AQIEMgIGK1OVoAQIGCw/QIBARsBgZaoSlAABg+UHCBDICBisTFWCEiBgsPwAAQIZAYOVqUpQAgQMlh8gQCAjYLAyVQlKgIDB8gMECGQEDFamKkEJEDBYfoAAgYyAwcpUJSgBAgbLDxAgkBEwWJmqBCVAwGD5AQIEMgIGK1OVoAQIGCw/QIBARsBgZaoSlAABg+UHCBDICBisTFWCEiBgsPwAAQIZAYOVqUpQAgQMlh8gQCAjYLAyVQlKgIDB8gMECGQEDFamKkEJEDBYfoAAgYyAwcpUJSgBAgbLDxAgkBEwWJmqBCVAwGD5AQIEMgIGK1OVoAQIGCw/QIBARsBgZaoSlACBB1YxAJfjJb2jAAAAAElFTkSuQmCC'),
(51, 25, 'hh', NULL, '台中市西屯區台灣大道1號', '高雄市鼓山區蓮海路70號', NULL, NULL, '', 0, '', 'evaluating', 0, '2020-08-11 07:19:46', ''),
(52, 25, 'hhh', NULL, '台中市西屯區台灣大道1號', '高雄市鼓山區蓮海路70號', NULL, NULL, '', 0, '', 'evaluating', 0, '2020-08-11 07:23:02', '');
INSERT INTO `orders` (`order_id`, `member_id`, `additional`, `memo`, `from_address`, `to_address`, `from_elevator`, `to_elevator`, `storage_space`, `carton_num`, `program`, `order_status`, `auto`, `last_update`, `signature`) VALUES
(53, 9, NULL, NULL, NULL, NULL, NULL, NULL, '', 0, '', 'scheduled', 1, '2020-08-12 22:44:06', 'data:image/png;base64,iVBORw0KGgoAAAANSUhEUgAAASwAAACWCAYAAABkW7XSAAATXklEQVR4Xu1dW+hvRRX+5midNCsruqmVXexGlnSVKDCoMI0gpXoqrceieoiwB+mhG4GR0VNBJWH0WJiU9pDIwbDsghlaSlc1E7NSzvFyLjqxfr+Zc+Y//32dPbP3zOxvg3jO+e09s9a31nx7zdozaxR4EQEiQAQKQUAVIifFJAJEgAiAhEUnIAJEoBgESFjFmIqCEgEiQMKiDxABIlAMAiSsYkxFQYkAESBh0QeIABEoBgESVjGmoqBEgAiQsOgDRIAIFIMACasYU1FQIkAESFj0ASJABIpBgIRVjKkoKBEgAiQs+gARIALFIEDCKsZUFJQIEAESFn2ACBCBYhAgYRVjKgpKBIgACYs+QASIQDEIkLCKMRUFJQJEgIRFHyACRKAYBEhYxZiKghIBIkDCog8QASJQDAIkrGJMRUGJABEgYdEHiAARKAYBElYxpqKgRIAIkLDoA0SACBSDAAmrGFNRUCJABEhY9AEiQASKQYCEVYypKCgRIAIkLPoAESACxSBAwuoxlQZ0AdZ0ZXwcwCEFnFiA3BSRCIxCgITVT1iHRyE63817AFj7DbWjJTb5/+MKeMJ84rInIjAdgaGOPr0ntjArAhp4FFtCcm3cZ28hMvnvsAKeNKvA7IwIDECgz4EHNMFbSkVAA1cBOB+ARGtytfmDJTKZap5Qqr6Uu3wESFjl2zCJBho4MoLIGJElsQIb9REgYdEnRiEwgMgkN3bcqEZ5MxEYiAAJayBQvK0bAQ085kRkcrNMIx/l10p6TkwESFgx0WRbGwQ0IEsrXN/S6liejCgRgWAESFjB0PHBPgQ0cLDhSyWnjH3A8fdWBEhYdI5ZEOCUcRaYq++EhFW9ifNTkFPG/GxSikQkrFIsVaGcDVPGxxRwfIWqUqVICJCwIgHJZqYhYKMu1b54dVoHfLoKBEhYVZixDiXMRnMm5eswZxItSFhJYGWjIQgwygpBbV3PkLDWZe+stbVfEjktzNpMiwpHwloUfnbuIqABKeVzPAmLftGGAAmLvpENAiSsbEyRrSAkrGxNsz7BSFjrs/lYjUlYYxHj/ckQIGElg7aahklYmZlSAwcA7DWVD8ZUC7WauPXd3Qqi2Rfe41fCzJwxQ3FIWAmNooEfAzgX2/pQPtZjsfcPw9jUZZ9AbNkRnFmHxcoOCX2y9KbHDprS9Z0kv9lKYsknJPrxPood/asln4MKOGmSkC0Pa+A2AGfkSnBc0pDC6vW1ScJqH+A3A3hNR53zLvIRAjpS8kEOcxMco6v6yCWFRiQsB1Vz0swT/eJz2FbTvFoBF6QwQg1tTiQ4IXjF9Vc1eEJaHVZPWObLlJ9jkgEkJ8TwqKtE/qeBWwG8wrwcdlQnNWcmsmpDIuxLbnaVhOUcpOAPlFsVcGbJBi1NdjsVBPAItkeI+T7JJHxpRk0o72oIq6HipcDKwZDQufqa7lrGYOwl/um/VKRmFk+s7gO30t+rJqwWkmL5kgyc2ak62lu0TwOHZI9hQ/RFW2ZgyzlFqI6wGsrvCp507Dm9qqMvzz5BdmmxseQdZVlI9gtkMzFFkWJUQ1ieE2/WNbHcbj4+ab7Aygr+qFPxjnykTPd5oGs+LhBFkioIyyEr5qSiuEXcRryXyX4FPDVuD4YFgRsBvLkpcQ/g0wq4PEW/bHM+BIonLGcwBE0v5oN6fT15OcTZ7cPEfX0+VzRhmU/iYhVZVZ78y5EGfgDgXQCe5q0fasMxd3w3m6NjT5008AcAr449/bPDTwPfBfChCNuMNtNTK6f580Nqa19eGSKQ+4BqhcwhqwMKeEpsbFsSu2O78TcsO2Num8sx/x0Z2/DE+4Xc97RsOxKZZNAGYerhdlgBsnOg89LAPQCe3bCINMQ//WoVdoO4yDB1/6dLcK4tpU/ZDXGpAi7r05e/hyMQ4hDhvUV40qyQfpXxvqjyt5xOLI74dwBfVsAVEVTIrgkN/A7AWUawXQs3h0RhJvltk9x2M7e/jmqsvZpK5UTfo9mx28H2H4PofLKzbQuh3q6ORaTZ+UdOAo11oEVltwXeYpJVy1em2fMtiwLb0HlL/seNKv6mgJdo4L8ATg7cJC6D9S4FvDgn/aecTK2Bh0w9M5+s/QivS+XV+18bOMUQlhP9TP4S2PJGpZN0DKEBxGSnRZ9XwBdyIqApsvjLZdR2Kh390sBfAJxupurui+HfCnhO9A4LbbAIwopBVqaagN1se9QhUjlgof7QKnZHxLWptOA9aKc7Vyrgohqw8Iird3X+VJ2nRHlT+875+ewJy5kGBkVWTYYHcI4C9uVsmBxk6/vw4JeD6dhCY/M3xS/m9TD5s9oWRUx2maKR8pHEHaurnQ0UQ1hjayWZwWOXOsgb/18KODWZZ1XQsAbuB/CMhg3Hbv5lM/UbsoxEA58F8KWmEjIlR7ZuLnXODfQtH4VWNWWsnrDGEl0FvDNKhY4vZC5JyZ+jvNW9QRcUNY9SMOHNS+qy1ikjCSuhQ+fadMcKcIme3KSy/P0iBVwZW5clB3sCXeRrpx1LUYh9qIxrmzKSsIZ6RuH3dVQ4kHVmbsXVwVO+GJBUTFxSOWLWirVrmDLWTFiHpYbS2qeEDVUshJAuBvC9nBK5tRCXiXjs6v7Fpry1ThlLICzZtnJcCPGY7Tuzhugxoo4Ybfgbj80WIH87TrIpX6gOFRGXRK52er0kcR3Edp9tFV8Zsycs8z3c1rcaVd9ojScJa+A/5kufXUrQtEZq0Fe+UNKJ8VxFxLVYfsu3Qw1TxpIIa/RbKsaC0xiDb442OlaiJ6nIMIdOhnGziFSm6utN0WapLtIlc6lTxlIIa/OWCpwWZvOGm+r0LW9Mf89a0QTVhpEXHSRfaR7bVoZ878WxbTajX8CJZPKnjFljWwphyTHrr5SjoBRwYojhvDfKg2q7YbeISwN3ATilYQGmK38WAyA1oGMOr0gtS2j7XmWLbAiiBGyLICwnjzVpUJqBf5pxtElthTpr33POQk65tck+bskV+/viU4w+vWL+XsLAGqJvjnrkKJOLZUmEFTwt7Ek+zkpcpvyIrM+x2HfZwBb4u0QBXzXEvVmukTPpDhmsU+/JfWAN1S9HPXKUyeJZEmHZ5Gu0EDr1Dnxvz1lHembzk12w2Vqhc0o9MA28Ftu9fW8y1T2FNJu+ug71CZH3PgU8d+jgjH1fzgNrjK456pGjTG1TjjFYz3pvKhBd4gpJ7HcwkRsNSYQoa8IG157X27zdpQDONiTzZBOZ+aWXh5LMEHv5bcvfRY8D2JZN9tf07MijydmAAC5UwE+HdDb1nlQ+MVWusc/nqEeOMsV09LE2Cro/FYheInQT8cSoKNCxb+9R9wNCy56woRh1kYyUd75WbYkv+qWBHwJ4b0+NeJHv52p7gEf0K5VPRBe0p8Ec9chNpuIIy8yd7FKFKKTihQgy9dy1VCAhefluLINbopTLFPA5+6P9rB8zAkw1IDVwJoBfYbuXbtfC1RhYNoAWLceZCpch7eZGEN54i5aOGYJF0z1FEpYHovw1yfabjlOFP6aAb44BfWAE1UrAZptRdIIeo8PUe1OuXtfAfgAnlUDofTiStNoRKpawnMjDXRj6HgX8pM8hQn7vqBt1W9OJJx0EJRGUnJIi+amjV9cHAA28EcBNc52/GILPmGec4orRCLgmwsotqmkYa4tFWsUTljHurJ/6zdKEE3oqczp23k1QbQPcIa6jg7nGPZF2z2OsiKg2wiJpNY+QKgirJdpKMk10+mraBe+SVPAG44Yz/sRO0aKRMdFQqns18DM5RZuE1Y1wztPDWLYb42NVEVbqaaIGzgdwdUNktZniaeDrAD7Z8HvQ4QveNPGQAvaOMW7O95KwhlsnN9Ky6wFJWMNt2Htn7IMCQhaZNu2IH3KKspfb+geAF5h/qybK4pSw14V33JBTWoCENc52o+72SGP0NDGEqJoEbCAvuW2QPA11jAY9NwqomW+OPQBrzGH5JsmlICUJa4bB4hFG79dE7/6okU0DAfWSl13WYKCyU/lvKOBTM8AXvQujT7RN2ysirKi+GGJYElYIagHP+NNEADtWm0uTKYmqJfJyC9R5s8FNBLbZ6OyQnNwvSzmOnrmYYiFmALyDH4kdXbl2WyKvMljxiTemwC1EJBJWCGoTnmmIcLIggZaFqj6JSXS1WQeTciHmBHhbH9XALwC8xdxwtwKeH6OfpqUgMdrNrQ0N/BbA66bUhYuhk/2KvcTLocqvhEON0lBNYfFwuyFvccgpJ9NWH8ueJ5id/FafVKTitFt8Xm+I3+aw48HIIHuuZueP2TscYpQ57tHAPgBvc/qSQW/xyHbge9NWV2Y/EpPf/qmOfWGcA9ZdfaSKqgwOdtP3Awp4+iIKztzp0tNCZ43gIpivkrA0cD+AZxpfu0MBL2+IBMyY2J3nmtlHG7vzIxYnWuwiMWlLEt2tNbdi6aaBvwJ4kWkv+gvAvuUBvFsB18aSO/d2lt4Ev2R0JbZZK2Ft3sxdIW1TnssmwHNxaj+H1XRQR0t5Gz8aC1rY2jB9PQPAH53CgILznQo4PRZmGrgbwKl99ovVX27tLElYzktykehq7YQ16JN6IXmuUUdhDUzuS1Q06BxIL5oSv5Kvr7LXMurlbllaIn8SVZnAxpaaEjoR7aK5wtVFWKEGN1tJ3plrnmsqsZoKCrZWfFdy/zMK+JoGXgZATjOypCbR1DVqu30p+rWmMya7wAv131CDaEAKQL7QPH9QbWucLXatkbDsuX32GPHR4DdtuVl6LZS7NibWcgcNyDl6z+o7Xswk96MsUWiYZrrlg6LnwkYbf+EH5vxK6PpRLhHtqgjLmVKcp4BrpvpeR/njh9S2/vlslxNh3aK2B064i003fw0hVTdn5Chjv851HUMWnNxv2YMpZ1JKTftVX6kJqyFdEOQ3qYy0KsIyg1gG28Oxnb+jwF9wmZkxRncI6z4A1yvgg/b5vohLAx8F8HEAkjSXg2qbclf3KJPsbpJrQHK/5bEd/+z6o9hp106EMZjUeG/s/YROKmBXKWuzQHnwoSlz4L1Wwkr61tDAww31zGUARvka1zBtcpPunwBwuVls2rbEocu3NkSB7WnT+xXwhlBHNG9redyvkW+bjOV/TYdwSB8ynXzAnOIj6+6KvwxhHQiN4PW2PJLkGZsIavCHlqWAjOUwS8k/ut+5k5YmqnPzMFbmSV9bNHAdgHPcjwCWEPWx02neDuAW06F8MJC1Z78E8EVzyk0UWYYaQQN/wjZZ70dSrdM9DdwJ4HkO6TX5bCw/7iO+9yvg+qH6xr4v1Hc7UhfZE5SPYSxDx7ZNsvY08IhEP0slEVsqNUzRNzhabHHkSUTaEv35EZY9NHa26UZGxPcggA+o7Qvn6KWB7wM4z5z96OLljtFN5VnzUMjYlWcbzyCY4oBzPhui9JzyJekrdeJyqNBmyuS/1Yc+rmIuZI1JXi21v0TP9yngqqEK5nifBqSg4ikzRXx9ELT5jv13+0V8thdDn8BTf18rYe1YaGlAlKTyaVMBreH5seSlgTsAvLRhqlfclGMu+znE9z8AVyjgkqa+U20an0vP2P2skrAExJaTbxpmNJt/khzUdalOLo5t1JjttZGXMy3x81GzL+mIqW9ObZGsdltjtYTV8jY74n3R6sPHDb3v7frsn9NACJWlY6p3oQJ+FNoun9uJwNSy3jXj2Tcga9Z9tG4auN2b+vTh5+YYJNl/gdoeb5X80sC3AbzDrFS32yna5O3Tw5V3kxdpibCiJuyTg5RZB33r5TITdxFxxjjqIgKW1KkGvgXgIz0F93JUqS95K5HnHnWsLPMOHcbmvHIEYEmZNHAzzO6E0B0JS8o/Z98krDnR3oYmckq1LGZMcZ0M4AYAskH5Nyk66GuzY82PPCpnKy66ebZP/rl/96Z/gyqIzC1jTv2RsHKyRmWy9JSxsVPLGxXw1spU71XHm/5xKt2L2PYGEtZAoHhbHAR69hzadUOD6nDFkWjeVszevWJPPJoXrd29kbCWtsDK+9fAdwBc3LHfMNkezDmg18CvAbze9OWOt98r4Kw5ZKipDxJWTdasRBezfWpvwyC3Gs6+tWcotC1VO1y5k2yAHypf6feRsEq34Erk7yiDMhaBvq1Q7u82zyb/ly+l+xRwrtthxxTXtnOTAs4eKyTvb0aAhEXPKBYBr3yN1aPPp/t+D8Wj+vxbKDAxn0tlvJgysi0ikA0CGvgwgK+YUj2ta9OyEbgyQUhYlRmU6hCBmhEgYdVsXepGBCpDgIRVmUGpDhGoGQESVs3WpW5EoDIESFiVGZTqEIGaESBh1Wxd6kYEKkOAhFWZQakOEagZARJWzdalbkSgMgRIWJUZlOoQgZoRIGHVbF3qRgQqQ4CEVZlBqQ4RqBkBElbN1qVuRKAyBEhYlRmU6hCBmhEgYdVsXepGBCpDgIRVmUGpDhGoGQESVs3WpW5EoDIESFiVGZTqEIGaESBh1Wxd6kYEKkOAhFWZQakOEagZARJWzdalbkSgMgRIWJUZlOoQgZoRIGHVbF3qRgQqQ4CEVZlBqQ4RqBkBElbN1qVuRKAyBEhYlRmU6hCBmhEgYdVsXepGBCpDgIRVmUGpDhGoGQESVs3WpW5EoDIESFiVGZTqEIGaEfg/K1tR4vP2CPgAAAAASUVORK5CYII='),
(54, 9, '無', NULL, '高雄市大社區文學路100號', '高雄市田寮區中華路5號', NULL, NULL, '無', 0, '一般方案', 'cancel', 1, '2020-08-13 06:19:17', 'data:image/png;base64,iVBORw0KGgoAAAANSUhEUgAAASwAAACWCAYAAABkW7XSAAAEYklEQVR4Xu3UAQkAAAwCwdm/9HI83BLIOdw5AgQIRAQWySkmAQIEzmB5AgIEMgIGK1OVoAQIGCw/QIBARsBgZaoSlAABg+UHCBDICBisTFWCEiBgsPwAAQIZAYOVqUpQAgQMlh8gQCAjYLAyVQlKgIDB8gMECGQEDFamKkEJEDBYfoAAgYyAwcpUJSgBAgbLDxAgkBEwWJmqBCVAwGD5AQIEMgIGK1OVoAQIGCw/QIBARsBgZaoSlAABg+UHCBDICBisTFWCEiBgsPwAAQIZAYOVqUpQAgQMlh8gQCAjYLAyVQlKgIDB8gMECGQEDFamKkEJEDBYfoAAgYyAwcpUJSgBAgbLDxAgkBEwWJmqBCVAwGD5AQIEMgIGK1OVoAQIGCw/QIBARsBgZaoSlAABg+UHCBDICBisTFWCEiBgsPwAAQIZAYOVqUpQAgQMlh8gQCAjYLAyVQlKgIDB8gMECGQEDFamKkEJEDBYfoAAgYyAwcpUJSgBAgbLDxAgkBEwWJmqBCVAwGD5AQIEMgIGK1OVoAQIGCw/QIBARsBgZaoSlAABg+UHCBDICBisTFWCEiBgsPwAAQIZAYOVqUpQAgQMlh8gQCAjYLAyVQlKgIDB8gMECGQEDFamKkEJEDBYfoAAgYyAwcpUJSgBAgbLDxAgkBEwWJmqBCVAwGD5AQIEMgIGK1OVoAQIGCw/QIBARsBgZaoSlAABg+UHCBDICBisTFWCEiBgsPwAAQIZAYOVqUpQAgQMlh8gQCAjYLAyVQlKgIDB8gMECGQEDFamKkEJEDBYfoAAgYyAwcpUJSgBAgbLDxAgkBEwWJmqBCVAwGD5AQIEMgIGK1OVoAQIGCw/QIBARsBgZaoSlAABg+UHCBDICBisTFWCEiBgsPwAAQIZAYOVqUpQAgQMlh8gQCAjYLAyVQlKgIDB8gMECGQEDFamKkEJEDBYfoAAgYyAwcpUJSgBAgbLDxAgkBEwWJmqBCVAwGD5AQIEMgIGK1OVoAQIGCw/QIBARsBgZaoSlAABg+UHCBDICBisTFWCEiBgsPwAAQIZAYOVqUpQAgQMlh8gQCAjYLAyVQlKgIDB8gMECGQEDFamKkEJEDBYfoAAgYyAwcpUJSgBAgbLDxAgkBEwWJmqBCVAwGD5AQIEMgIGK1OVoAQIGCw/QIBARsBgZaoSlAABg+UHCBDICBisTFWCEiBgsPwAAQIZAYOVqUpQAgQMlh8gQCAjYLAyVQlKgIDB8gMECGQEDFamKkEJEDBYfoAAgYyAwcpUJSgBAgbLDxAgkBEwWJmqBCVAwGD5AQIEMgIGK1OVoAQIGCw/QIBARsBgZaoSlAABg+UHCBDICBisTFWCEiBgsPwAAQIZAYOVqUpQAgQMlh8gQCAjYLAyVQlKgIDB8gMECGQEDFamKkEJEDBYfoAAgYyAwcpUJSgBAgbLDxAgkBEwWJmqBCVAwGD5AQIEMgIGK1OVoAQIGCw/QIBARsBgZaoSlACBB1YxAJfjJb2jAAAAAElFTkSuQmCC'),
(56, 9, '無', NULL, '高雄市路竹區123', '高雄市田寮區大學路2號', NULL, NULL, '無', 0, '超值方案', 'scheduled', 1, '2020-09-13 10:18:52', 'data:image/png;base64,iVBORw0KGgoAAAANSUhEUgAAASwAAACWCAYAAABkW7XSAAASL0lEQVR4Xu2dS8glRxXH/z15OBOjwZiM5AG6CCKBgA90qQtBEVHRhQvdiEtx7UqF6MK4V9GVG90JGhBRXIkgBCELIaiIGJAkJmEmOjrvmZTUvVU39dXXj6rqOud2V/8vio+v+1TV/1T/curUqwN/VIAKUIGVKNCtpJ6sJhWgAlQABBY7ARWgAqtRgMBajatYUSpABQgs9gEqQAVWowCBtRpXsaJUgAoQWOwDVIAKrEYBAms1rmJFqQAVILDYB6gAFViNAgTWalzFilIBKkBgsQ9QASqwGgUIrNW4ihWlAlSAwGIfoAJUYDUKEFircRUrSgWoAIHFPkAFqMBqFCCwVuMqVpQKUAECi31ATAED3O6AO8QKoOHNKUBgbc7lOg02wJcA/NiW1u3+xR8VmK8AO9J8DWlhQAEDGPen1xlpsZvUUIDAqqEibfQqYIDX9wGWfpRlgMsA3gTgjKtcSl833RvP06sLVCDFiQusNqu0BgUMcBPAnRJRlrNtYeT7cJW+zOHrsntWFScvu4ms3bEUCIBlh4ZdKgwMcBXA3Zkw8sNP+5+3un10lfQLwZpaxyTDfKi6AgRWdUlp0CvgQWAh4PJZdoj4HIDHHYxSoyMPI2va2vhXBzxaQ2k7k+mGjRwO1hBU2AaBJSzw1swb4Ab2SxlSYWQlKo6O5ugb5NgIqzlCKr5LYCmK3UJRBngNwFujCGmqaRZI9t8257SIGUPCasply/w7gbVMvxy9Vga4COC+CTDFQ7XL3f6d3S8cErr/vZs1PHaeiMstjt69iitAYBVL196LwYccNy5cT+Vn/SYFMMB7APwZwIsd8IiDlrV1tCgraOPNbp/Y529FChBYK3KWRFUN8BMAXwxse6Akg2msXg4QhxyRH4ppR1lBcp0r7yU6kpLNpoDlP443RiSw/xQ9q6Tl6ooxwJ8APBHCqvbCyT5A+RlDjdXv4eJV205tUK6uUyy8wi0Ca+If+Ic/20jCbs7d5LDAAD8F8AXpj9hHNiEopKMsAzwF4GvBTCVnARcOotTqNQWsvkZH0+yp7Q2n2W2+5a5UQdfynDQ0vA4GeBnA+QhYLwJ4qHa0E62s36XMakeMa/Fvq/VM/YBbbb+dyfobgHe5KfectUOpmuym9DWGP6kV2n3J+2UGKslvV9azHfCBAGS2/Os1huxhfsrZt5FzlRxcjqZ8Vl6BzQMrRWIDvATgwcyNtEOm7Ydqc2vJW0dS6pjzjJ8pqx3hjDTYD78PEKkBzCg/Zcu40gH35mjBZ9elAIGl5C8D3IqiOBfo6EZfwUeuNq3fB6d49jDVDQa4Fu0z5LAvVbwGniOwjuTEePbKVUM0+jLACwAe1s7t9MEpB1gGeAbAB4MkupVLZTh7pO7BYgcUILAW0DUGoq/qSeO+GTuN5g8Aa3TVu6ur7Z9hH/VDy+YmQTT80EIZBNYCvSh18J3WzGAsaQqw3AxfuGk6yM/jWgfcs0BXsUrKChBYyoKnFhfvw0t9b+y5nGFYjfIC4pyKpgaGxD6vZ4d7nOWr6YRGbBFYC3SkYISltpQhlDVojz8yOR7mLW7ZxwK7BasU5QcoyAIUkDr2xAD/xP7Qu793wGMaTZ0Y5tmD8+7UWlqh0V6WIa8AIyx5jZNKcMcC+32P1Rc+auSv3K4CO5SL+9WpI5IlhrxJQvOhVStAYC3AfeEmZKmIQyJ/NTCT5/NQh2GeAa7btVPR9pzdBRVS7V2AW1kFAQUILAFRc0xqwMoRxF/OULQkwF2bdc61rS+CGsxDGeDdAP5aAiytJR85PuOzx1OAwDqe9nYz3+F4F8lIo2Q4OAIKH0HZm2mST7pwEd6FDnjAGeiNsFy5qdfbc/HoEfvvMYomsI6h+n7zsQqsguhqdAvL1PDOnuPe7S8nLfo5YB1ycz3HJ9utSyGofETYC8USCBdVnC8tSgEC6wju0IRVOBzE/kabqduQq5446uWN9xMGR8Fccpda+EftIlE/9Bz1To0N1EdwP4ucoQCBNUO8klclYVVwG7I/9+tqB7y5pD2p7/QclRzeCm3NJIMqgOAiLrVI1YDPzVeAwJqvYZaF3KNdDPBDAF+O7vqzZab4brecwF2xtYQjbU6d7T5nI7YBPgzgdwAscLl1J6snrvPhlE6/zpYJ1NpGMHNOHw0Whb7U7U9N2P0yE83Ba4dG2kjj+b4FoQ6QNkFeNDtYS8Ywwqq5kl9iuUatNtNOfQUIrERNg5xL0flLwamYJ2a2oqu1wqOZ/ckExQf9LSkxHVwQ4vucheyZubOjS2pjYlfiYzMUILASxQvPC8/9yIK81QnYBTaz8zcp1V5S9BFtdv4v9on12QtHj3VkTor+fKa+AgRWoqbRBQfJUVYYQcWgk740YSnDQTfs3UWPXoNaW3Nq2UnsBnzsyAoQWIkOMMA3ATxprwZzCfDJ/X4pw8ie25Y/2wG/SKzW4GNLGir15axqRUYE1tyesq73CawMf0UXtXZTQ8PcjymAV3IEN1T9pQwH3YZom/A/sQG6FlBzNc5wNx9doAIEVoZTwo8sBQgGuAjgba6IJAhFuZ7irSdLGQ4GED6RZE/RL8U1BFaKSu08Q2Bl+DIcxuRECCXT+BG4soaJOXXLaH72oxHgd1tvbFRqgPcBeBbAax1wf7bh4AUCa45663uXwMrwWc/+N39J6pkpM8HQKDlqmpnoT4ropupd+vd4GUeoXS2gGuAbAL4VJvNL68v31qEAgZXpp3CoFSz4nEzA22JKP9TcYeIS9tgNbcVxEdbso5oJq8yO28jjBFamI3s+xOT9bHOHLxG4TqyW982oNfuWKcuJx/vAHM6Y2tUNUxMWY+X7AwEZWc3x0jrfJbAy/TbwMfoLUEfPh5oLLBelhZuGTw37SqO4TBlGHx+41iusd/KwOC6oJB9Ys220dVwFCKwC/eMZuNQZrxrAiiMp97/DTcXJebWCpk++EuTqTlx2MWenQNDmw9alDpjMG05Wlg+sTgECq8BlpcPCmsAKPmJ/dZb9v6rszyuQ5PDKUIQXREZ2A3nySaUuqrSLdT2grneAv6xjTlX57goVILAKnBZ/lAa45g7Ge6UD3jFkUgJYA+BKmgQoaPrkKwPDwcNporm5K6lrzyYbwgcWqQCBVeiWkmGhJLBcJOKHTL5VxbmiEln6Ev7x1qNUYAXLInaRY3fy+OSS6vGdBhQgsAqdWDIszD28L7dqzr5Nblu/hle9+7xW6uUOuUXvnh85VfSKveZr6nSGCFI7k8xVFbmi2ZcIrELX9gwLDyu5+0wOHd5XWPyp10ZyR2H+x3FlB4Kq8DLA8wDeaTeHdw6WPadRpDRXBa4pFeEzy1OAwJrhk56IondB5NDhfTOK7gPW5OxgXwTjhlthNFZUraH1Xz2nUQzwvD5EixrClxatAIE1wz3xzFffkM8AzwD4kOTwpmSxaO3h19T6L+n83Qw38tUVKUBgzXRWCKkYHAGsDgfXzSyu9/XUdWADoc3TAD4VXWqRPcs4VQcCS8Lz27NJYFXwebh3z/93AM8BeMKaT50ZK6lKsE3lRre/c7D4NyfqIrCKZeeLGQoQWBliDT3ad06Wj1gkYWXrMzUUK2meAX4O4DNB1OWXSwxeT++ANRiZMcIq8QTfiRUgsCr1iSCysprudJWGlQPW7JMPxiToibr844fZPD9DONZeAqtSR9u4GQKrUgeITlLQglXySRGVmunvULTbZE71nQlg3QBwlwbEa7WVdpanAIFV0Sc+j+M+5uw9c7lVmcob5doreT6IwEYXefpN0QRWicp8xytAYAn0BY0D9EqWMgg0NdkkgZUsFR8cUYDAEugeGpGP9Daf2rJIAcsAjwP4AYD3ArjXXcG2u6EHAE92qO3II9sjsAQcIA0sA7wK4IFwG4xAM6qaLAWWAZ4C8HkAD7kTMVL6rAeWSi6xqlA0NqpAivMpYaYCEksNwipI289sbtLjY8AywF8APOaioyl7FkZ2f+S/Afy+Az7X94LZR1v/AWDXp52bMsq/r0MBAkvAT9JAkY7gBCSxs4u7WUIHmvv6ZhndZasWSFcB/APA9zrgR6X1McCnATzNRH+pgst7j8AS8IlkQlwahlNyhOuyJpYx/Mxt+bGQ6utnFkz22JnvdsC3p8ot+bsBPgbgNwRWiXrLfIfAEvCL5CLJY0RXQ4tHPQgM8H7sN3kPnfpg14vZ3xlNeLgLW//oj7sRcDVNKitAYAkJ7sBysQPeXquI4HypSx1gh1Viv4GjaOys2zkDvAzgvBvChX3I55f+0AEfCStXmnSf00ADPAzAAuuROXb47nIUILCEfDG1t66kWOmlDG6JgN207X8WQB5SvwXw0Z7hnY2evt4B3xlrE4FV4nG+EytAYAn1CYmhm+SC1B5YDSmz27toZ/RyhncEllBH25hZAkvI4bWBpZFsHzgd1ALqcge8JQi7LgC4f+nAEnItzR5RAQJLSHwBYE0egSzUlFNmDUBgaYnNck4oQGAJdYjaEZHkcDBXAgIrVzE+X0sBAquWkpGdmsAywOiNPEJNGDRLYGkrzvK8AgSWUF+ouXi0JvxqNNcAvwLwCeawaqhJGzkKEFg5amU8a/aruM/lfNRD5mvnwzKaMRZl2ZzahW6/CXvyd4xZwslK8YHVKUBgCbrMgabG5RAWDrPt1Gxqbk6NwKqp/nZtEViCvs/9qPuqsrThoK9jbtRHYAl2tA2ZJrAEnZ37UQ8AazHLGcL65bbNX0dWY4gs6DKaXrgCBJagg3I/6hFgvd4BdwhWNdt0buRHYGVLzBd6FCCwBLtF7kcdV2VpyxmiCCvrxh4CS7Cjbcg0gSXo7ArAyoKCYFNOmc5dtkFgaXqn3bIILEHf5n7UPRHWIvNXtp4G+CWAT9qN0CnDVQJLsKNtyDSBJejsuQf51VoWIdXEnAiSwJLywrbsEliC/jbArwF8vGRmLAcGgk0YNW2AVwA8COCFDnh07GEC61heaqtcAkvYny5KutXtL2BI+hngEvbHuSQNt5KMCj2UOhNKYAk5YGNmCSxhh5csHpU+WbRmk1PzdARWTdW3a4vAEvZ9agTiqxGc2357LZcnpLSRwBLuaBsxT2AJOzrlYw6rsKboKoDs5PILA1yzNzeX5POEXUTzK1KAwBJ2Vk7yPLipxl78cFa4alXNT4GZwKoq92aNEVjCrs8E1mLXXU3JNNVOAmtKQf49RQECK0WlGc9kJKVva180OqNZp141wPcBfAXAzQ64O36AwKqp9nZtEVjCvk89VmVqSCVczSrmx/JvBFYViTdvhMBS6ALuQ/5feFVWlGifTForVHN2EX6zNoCvdvuI6/AjsGbLSwM9t/hSFAEFpm6BbiG68rINtYXAEuhYGzTJCEvB6WNAmkpWK1SvahFD7SGwqsq8WWMEloLrJ4C12pnBIen62muAqwDOch2WQodruAgCS8G5I8OkJnJXsYR9URaBpdDRNlAEgaXg5JFhUnPR1VAui8BS6GgbKILAUnDyBLCyTnJQqG6VInybAbzaAedr3tNYpYI0skoFCCwFt/Wdzd5asr1PRr8uyx6TA+B6rYtlFVzGIhaqAIGl4Ji+k0dbWsowJmEArd1jTLordLiGiyCwFJw7Aqwmh4MD0ZbdemSBtajryhTczyIqKkBgVRRzyFQMrC0MBxVkZREbVIDAUnB6D7CanR1UkJNFbFgBAkvB+QPA2sxwUEFiFrERBQgsBUeHwOJwUEFwFtGsAgSWgmsjYHE4qKA5i2hTAQJLwa/BxRJXANwDgMNBBd1ZRHsKEFgKPg2AZRdQnuFaJAXRWUSTChBYCm4NgGWHgx2BpSA6i2hSAQJLwa1+Hx0AAktBbxbRrgIElpJvgy0qpgPOKBXLYqhAUwoQWEruJLCUhGYxTStAYCm5Nzy5gPvplERnMc0pQGApuTQAVu+9fUrVYDFUYNUKEFhK7uMKdyWhWUzTChBYSu4lsJSEZjFNK0BgKbmXwFISmsU0rQCBpeTevmOSlYpmMVSgGQUILCVX9p06qlQ0i6ECzShAYCm5ksBSEprFNK0AgaXkXgJLSWgW07QCBFbT7mXjqEBbChBYbfmTraECTStAYDXtXjaOCrSlAIHVlj/ZGirQtAIEVtPuZeOoQFsKEFht+ZOtoQJNK0BgNe1eNo4KtKUAgdWWP9kaKtC0AgRW0+5l46hAWwoQWG35k62hAk0rQGA17V42jgq0pQCB1ZY/2Roq0LQCBFbT7mXjqEBbCvwfNDZZ4hteKJkAAAAASUVORK5CYII='),
(57, 1, '無', NULL, '嘉義市東區123', '彰化縣和美鎮鼓山一路161巷4號', NULL, NULL, '3*3', 0, '升等方案', 'scheduled', 1, '2020-08-17 18:19:40', 'data:image/png;base64,iVBORw0KGgoAAAANSUhEUgAAASwAAACWCAYAAABkW7XSAAAV9UlEQVR4Xu2defAmRXnHP4+ghENQ1HCJIlAKERBJvFLm8CgJHpAyVkwEY4ImaMBgljKaqNGQ/EFpMBaFOYwBvJBgKniVoBFLjaHUQBFOg9HoFggE5VhYZFkWOvX8uoednX2PmXm7Z3pmnq6iYHn7eJ7vM/Pdp3uefh7BmiFgCBgCA0FABiKniWkIGAKGAEZY9hAYAobAYBAwwhqMqUxQQ8AQMMKyZ8AQMAQGg4AR1mBMZYLGRMDBpcALS3M6gUfEXKOruRxcCBwDbBTYp6t1+1jHCKsP1G3N3hFw8BCsneF+CXiJCiT+z4NogaSOBnYHtgB3AD8jsMcgFGgp5GAM1FI/G2YIzETAgQsv+h8A5wDfFXhaznDNIKnrgD8X+KyDbwAPCvxKzjqsKpsR1qoI2vjBIVBsB9WjKjytXL2rRSRVBt7BT4CzBd4zOIM0ENgIqwFY1nUcCJRJKnhamwR2zkk7B5cBz8FvXR/2pObJGHQ6TOD6nPSILYsRVmxEbb7sEShtB3fQo6vcvCsHVwOHA1cKHLUMUAfHAZ8SeNSyvkP/3Qhr6BY0+RshUNkO6jlWVl8HHXwfOBC4QOC36yjn4MPAiwSeUqf/kPsYYQ3ZeiZ7YwRKXwfvB3bKybtycDM+LOEsgVPrKufg2vDR4JV1xwy1nxHWUC1ncrdCoLQd3DEn78rB7cCewJ8KnNFEOQcbgXUCH2oyboh9jbCGaDWTuRUCpWBRjVtSwnqdwEdbTRZxkIO7gUcDJwh8osnUzsdd3QXsLLCpydgh9jXCGqLVTOZWCJS2g2vjc9gOOvipBnwCzxf/ZbBRc3AycIZ4wht9M8IavYlNwQKBsB3UMAG9gvMdgZ/rEx0Heo6mnt5e4uOoGjcHnwEOEHhG48EDHGCENUCjmcjNEShtB/XLYO+hDA4eCHIoYbVuDtYDFwu8sfUkAxpohDUgY5mo7RGobAfvFdit/WztRzq/7oZwjWbluKlAfMcKXNxequGMNMIajq1M0hUQCNvBXr0r54NALwfujxFZ7+DFwMcF9l4BmkENNcIalLlM2DYIVFLJPCSgEe6dNgevwqeBUe8uygG5g18EzhR4XqfK9LiYEVaP4NvS3SBQ3g728WXQwTolFuBO8bFWUZqD44GXiv/3JJoR1iTMPG0lw3ZQQej8Go6DvwZOA26NnVzPwbtCtP47p2JhI6ypWHqiepa3g117V84Hpb4WWC9wQGwTODgX+Hfx+bwm0YywJmHm6SpZ2g526l05+EJIW3y9wNNTWMDB14B3C3w1xfw5zmmElaNVTKZoCJS2g6cIfDDaxAsmKqWH+bb4nFZJmoMbQ4S8xmJNohlhTcLM01QyXAretcuzqxJZXSNwRCrkHewE3DOFHFhlDI2wUj1RNm/vCBTeVVdnV12RlQLr4FDgIoFDege6QwGMsDoE25bqDoHSVrCTS85dklUgrJcBJwu8tDtU+1/JCKt/G5gEkREoH7R3cW+wa7IKhHUKcIiA/nsyzQhrMqaehqLO39PTWn0P4iPak0a290FWgbDeD/xIfEDqZJoR1mRMPX5FnY8i18ydayEMYVt4d6rion2RVSCsTwMfEbho/JbdqqER1pSsPXJdq4fs4c9fEtAKyVFbn2QVCEsr67xW4KqoimU+mRFW5gYy8eohUC2I6uCXga+l+ELYN1kFwroH2E98euXJNCOsyZh6vIqWDtlvFtiv5IEcHpuwMiErTSfzVwJvGK9VZ2tmhDU1i49MXwc3AE+tBoc6uE9zpcckrBzIamTma6yOEVZjyGxATggUifn0kL0sV3WLuKrMRlarIhhnvBFWHBxtlh4QWBTJPo/I2ohpZNUGtTRjjLDS4GqzJkagdG71GoFPVpcLhPXAqnftjKwSG7Lh9EZYDQGz7v0jUCKr+wR2mSVRIKwfCBzYVmIjq7bIpRtnhJUOW5s5AQJ181sFwnqzwNltxOiSrBw8AZ+E7xeAxwBaTWfWu9n2fdXiG0XT/9YPElcK/FIbbPoc0xaAPmW2tSeKQImstgg8ch4MIU/UE9t+IVxGVs4XYH0fvgrOY/GyxCSYBapt91NBRlqUVeXQP1drHbZ5z6sktwWff+vtAv/S1yPYRpG+ZLV1J4xAiay0RJaWdl/Ygoe1TuBvlvUt/14mK+DbwInh9zbvSvmlL3s4+t9KMLcBXxf4nSYyxurrfGqaTwEHz/DqYuirVbbvBP5V4KQYcrcRKsa6NochUBuBElndIfC4OgMDYd0isG+d/trHgXoR80qAKfno7xf0RTB19Ujdz8Fn8TcJtFxZmUOW8cnKaaqXLZBad5vfEKjjKWmf74v3BGq1QFgPyvbbo7Xxztfy+0Z44arvgZKT/rOPeC/I2ooIhArVO7bdphfLG2GtaAgbng6BUhK+i5smqptxt1CJ5/FzzpoKJY4RuCSdRtOdOVYgrxHWdJ+hrDUvkdWpAmc1Fdb5fFjbRL+HOYpzJf16qNk6DwJWjtdqKt/U+hthTc3iE9K3aS5251OsHD7He1KCUkLSog0PNwebtAgp8PCF6QlB3LmqRlidQ24LdoFAHbIK5yF6OD5rh6AEdYXAs5xPvaIHw9qeJXC589kc9PO8jv1QrK9XXWAz5DWMsIZsPZN9OwQcvFq/wOkPsw5mHfwU2LkycO1wXOZ/2dOTc60L+M0w7v+Avbos+2Wm9gjEuttpZ1j2RPWOgIN/Bn5zFlnNOIua++VvkSIONofAynsFdutd6YkJYIQ1MYOPVV0H1+Ejx7fxrEqxV+EvaM4W+KNVcHBwsMD3VpnDxrZDwAirHW42KiMEHPw4hBoURSO0EsxbSmdTKwcaZqTupEUJhLXwSlUdgGxLuAClWH8r1DHE1PqUzqT0HEq/2JXPp5KW5poa1jnoG96l28XHwrVuRliLCUvvQilG9jd960ds+4FF1HOIJi8/g3PTxURc3qbqAYFAWOfK1ruZraQwwloCmwOtTlIc0n5BQEuEW2uJQOVsSmdRD2vl86mW4tiwDhBwcDrwrlWv5aioRlg1DVaKvN7G2wqf498EPB3YI6T2mHU37SaBJ9VcbnTdZoQlmNc6OivPVsjBLcDeRlgdGbxESnpDfRHJ63WQjXpRF/ghcGkQ8fXAkVo2PVRy0X6TaDM8KjufmoTltyoZ6+KzeVjLt4Oas0izP85r14v3rGq1EHm9QWD/WgMG2snBeryOdj41UBvGFDtWlLsR1hyrOPgE8Jrw8w8FnlLtOm+LuMjQzp9/fR5onFgu5gOUai47n0qF7LDnNcJKaD/nM0GqV7U0orpufvGyuCFQ8qA6WTMTqhltagf/COiWt+xN2flUNISHP5ERVgIbVryqbwk8t84ylQu2nxM4dtm4cN3kywJHL+ub6++lqy5lEe18KleD9ShXnQvtdcWzr4T+u3ptr2oesKUtonZZViRB6+j9uoZLiM/bNJg2Y9unslv81GAs2L2gMQOwJ01Ybb2qBaRVXLAtumiM0V0Ce844A/sJcKHAH3b/CDVb0flCAlp+qrK7tfipZkhOs7cRVgS7x/CqFokx5wD6iwLH6DgH7wVOEh+7lWWb403Z+VSW1spXKCOsFWwT26uqI8os8hJ4RMh6+Q6BM+vM00Uf53NHPXtGvJmdT3VhgBGuEQhrczXraxtVJ7UlTO1VLTOAg48Bx1fJIEYE8LK1l/2+IAe6nU8tA89+X4hAIKwbY9z0mARh9eFVLXuGHdwK/OwK16NmFeksltXf9DBfz9Q0U6eel/2PRt6XCzo4OA64aIYMdr9vmQHt99oIBML6Y4EP1B40p+PoCatvr2qZgRxchg+h0IPtXUIhz3n5yovpUtnNzqeWGcx+b4SA85WlXxVrF5HqwW+kVIrOOXpVs/QMBT2VtJ4o8KMUWJTndP6Lpa5TLvdu51OpgZ/o/MUXZiOsBQ9A7l5VVXTn0/b+t8DLUz7XsfKjp5TR5h4XAg626K7BCGuOXUsBnHfOin/K8XFw8HbgTQJPTiHfjPzo1wockWItm9MQqHj0a0kwjbAqz4WDv9WXPvzvE8RfYB5MC4kC9xe4K5bQVaLSUIpYc9s8hkAdBGLeI9T1RnGG5eB2/NnMYM9iHHwL0C8pep61UjOiWgk+GxwRASOs7T0r/XyvnsNG2VrlNyLk3Uzl4FzgPwQ+3GZFBx8PKXGKv4Tsi18bIG1MVARiRrkP2sNycGDI7Kl6fF7gFVGR7ngyB28F9hFY13TpkoepQwfrZTbV2/rnj4ARlr+HdzVweGDcsWxrNbnfKcVdwyaPYoWwzLNqAp71TYrA5AmrFLKwclHGpJZqOLnzWU1PEzil4dC17iHeRS9SFwT+XoG3tZnLxhgCsRAIhBXN6x+Ud1IKWZiZtjgWyEOex/nrD6cGHczbGrIxRyB7eGc3ybaFcltrNgjCqoQsHC9wfmuNJzKwEiRqxDURu+emZiCs6wQOiyFb9oQ1hpCFGIZqO4cRV1vkbFwMBAJhHSZwXYz5sias0ss26JCFGIZadQ4jrlURtPFNEQgX+58XK8pd18+SsBwchL9fp23wIQtNDZ2yfyWo9P6xVO9JiZnN3Q4B54sK7zpqwhpjyEI7c6cd1aauYlqJbPaxIVB49aMlLAc3AfstqzozNsP2pU9lmxjt03Nf+ti6eSEQ+1pOVltC50u+X1ungGleZhm+NJVt4u8JnDd8rUyDvhEYO2GtpfyN6T72bbAhrR9SNu9Vktk8riEZMENZR0tYKfa6GdpvECLNSPKnf5FcLr6SjjVDoDYCsa/lZLEldD5d775AtOCy2ohax4UIzCtPZrAZAnUQGB1hlc6tRnUvsI4xh9THwc3A3pUwGNsyDsmIPcg6RsKyc6seHqRVlpyzZdS7Ylrxx5oh8DACsS8+97oltHOr4T/Zs7aMIUWOpqu2NnEEAmHdI7B7LCh6iXS3c6tY5stjHudz6X+wsmW0C9d5mKc3KQJhfUXgRbGE6Jyw7NwqlunynMf5StNa87D8bOnWf7NdA6pns1Cr8pMhiFpxLP6pTlDn/e3lLw4HRwOXxA5TqqNwPZRr9iquhMRWpOby1q1DBEJNOs23X33OlMD0b94XdyhOVkuVsFn1aGbtHLjUij/rv4sz4kd2qXz5nDP2e94pYdm5VZePTX5rBftXvYW1F0tgh/wkXk0i5wn5iyXCnve+FSSjRUe1oO7gakY6+DHwuJKuqtOt4kOWorXOCMvB9cChFm8VzXaDnsj5My89+5rlfQ2KwBxchU9QN2/rVtiq8Ho0Y65mJBl0c3AccFGX4S5dEpaFMAz68UwrfCgku2vNlEeztkH6/zSdyQcE3pNC2pAuZeclxFTekr1V4P0pZOlzzj4DijshLAdHAlcC/2lXPPp81IazdjjjKZ7P6nPayXO7BK2CmDSAdsfhINtOUgcb2DY8QfX/QdeeYieGT3EJsh3sNmoKCIQq2kdp5o+I+u4g0OnhdUTZW03l4J3A6RWv98E+Cborwlpz14dcmbmVxW2QITBABPrc8i2DKzlhFXUEY3/eXKaY/W4IGAL1ESjSGZdGqJNxjcAz6s+SvmcXhKWK20XZ9La0FQyBRgg4OAf43cqW7wGBRzWaqMPOSQnLwXrgSeZddWhRW8oQWP614KGhXqNKTVhFUKBGO1szBAyBnhBwsAnYqbLl+7rAr/YkUqtlkxGWgzOBdcA/CbyhlXQ2yBAwBFoj4OAS4CUVb2rQpd1SEtaa22nbwdbPmw00BFohkPNXvlYKlQalJCzdDt4svmyXNUPAEEiIgIPNbBsnpu/fhQK/lXDZzqdOQlghSlkD7ZLM3zlKtqAhkCECDq4AnlnZ8mn2V70+NMqWhFBCCpmsP4+O0pqm1CQQGPOWb5kBoxOWg7uAPcy7Wga9/W4I1EfAwQNse2dRt3zvE3hb/VmG3zMFYVkow/CfC9MgAwQcfBc4uLLli5ojPQM1G4kQlbAc3A7sCRwj/pOqNUPAEGiIwJS3fMugik1YnwGOte3gMtjtd0NgWwTmlE87UeA8w2orAkZY9jQYAj0hEKpH7VNJK3yn+FTD1mYgYIRlj4Uh0CECzpOR5j8vv3uWHKCmDYywagJl3QyBNgg4OJ+twZvl900/Th0qcEObeac6xghrqpY3vZMg4OBefODmrHdLSUozdk4qc2lMoI2wYqJpc00KAQefA162gJw0eLqcIWFS+KRQ1ggrBao25ygRmFPVutBVvacrBX5+lMpnopQRViaGMDHyQsDBV/C5ouZt7cx76sFksQnLruX0YERbcnUEQoI7TQ08j6AuE3j+6ivZDKsgEJWwVJBw8fkcgdevIpiNNQRSIeDgm8CzF5CTJrkbbcaDVLh2MW8qwhp0VsMugLc1ukMgVG7SL3PzvKcvi8/MaS1zBFIRlhOwPO6ZG3+M4jn4L+CIBeR0n8CuY9R9CjqlICxLjTyFJycTHUOmTS0VX32Wi1LynxZ4ZSbimhgrIpCCsO4BdrML0CtaxoZvh4CD7wBPM+9pug9HCsJ6I/B3RljTfahiaR6S1u2wwHv6mMDrYq1n8+SPQHTCUpXDl8KbBPbPHwKTMAcEHPwvcMAC72mjwO45yGoy9IdASsKyg/f+7Jr1yg4OxGfT1A8z886ezhJ4S9aKmHCdI5CKsOzgvXNT5ruggxvx5d7mhRVsEHhsvhqYZLkgkIqwtgBW5isXK3coh4MXAP+2xHt6t8BfdiiWLTUSBFIR1lUhFuaZ4uNirI0UAQe3AHst8J4sg+ZIbd+HWkkIq3TwrnuAZGv0AdiU13RwAvCRQE6zzp409ulkgb+fMk6mezoEkpGJgwuAVwMaWbxLOhVs5lQIOLgNePwC7+k2gb1TrW/zGgJVBJIRVvCy7PB9IM+cg9O0MGcQd5b3pLb8DQGtjGTNEOgFgaSEVdoaWohDL+adv6iDO4DHLPCebhH/Zc+aIZANAl0QVlFc9SqBI7PRfEKCODgD+JMl3tNzBK6YECym6gARSE5YJS/LDuA7ekAcbAAevcB7ulHgyR2JY8sYAtEQ6ISwbGsYzV7bTeTgH4DfX+I9PUHgznRS2MyGQDcIdElYa8GketXQcmW1N66DuzUbxgLv6XsCT22/go00BPJFoDPCCl7WZrbWZDPiqjwXDi4Fnhvq2hW/zrORxjxtEdA85NYMgUkg0ClhFYiGpGtFMcnRE5eDdwCnAnuGKysKRV3si0R0SvZa0txi2ibxapqSsxCo+9IkQW8MxOXg6pBUriDgupgWRKTxTRqgeXo1QtzBicAJAi9MYgCb1BAYGAJ1X66kauVIXA4+ChzLtjmY6uBVEJFipmXLvyrwijYAOn9Qfrd90WuDno0ZIwJ1XsDO9O6CuBz8Gv6umwZF6keANtsz/YCwHni5wA0pAHLwF8CfAUcJXJNiDZvTEBgaAlkR1pwzri4wLbwi/bcWgz1f4M1dLDxvDefLTp0nsG+fctjahkBOCGRJWCXi0tQ06s3EaoeIDwnIvjlPVJo36qTshTUBDYGOEMiasDrCwJYxBAyBgSBghDUQQ5mYhoAhAP8PiCo24lejlKIAAAAASUVORK5CYII='),
(58, 9, '無', NULL, '高雄市田寮區三民路57號', '高雄市阿蓮區dsd', NULL, NULL, '無', 0, '超值方案', 'scheduled', 1, '2020-08-20 05:44:48', 'data:image/png;base64,iVBORw0KGgoAAAANSUhEUgAAASwAAACWCAYAAABkW7XSAAASE0lEQVR4Xu2dW+wlNR3HP8UVWUG5aEQU8BITlYAgxigaBWLUBzURxeuDMcaYKJooMUB8UPRBjEGDF9QYJUYjiu6KMfjgfRFvPOEF8ZJoDKwXCKAsgoILNb//dHZnD+ec6cy0ZzrnfCfZsPz/nbbzafvZttNpHbpEQAREYCIE3ETyqWyKgAiIABKWKoEIiMBkCEhYkykqZVQEREDCUh0QARGYDAEJazJFpYyKgAhIWKoDIiACkyEgYU2mqJRRERABCSuyDnjwDr1VjcSlYCKQhYCEFYlVwooEpWAikJGAhBUJV8KKBKVgIpCRgIQVCVfCigSlYCKQkYCEFQlXwooEpWAikJGAhBUJV8KKBKVgIpCRgIQVCVfCigSlYCKQkYCEFQlXwooEpWAikJGAhBUJV8KKBKVgIpCRgIQVCVfCigSlYCKQkYCEFQlXwooEpWAikJGAhBUJV8KKBKVgIpCRgIQVCVfCigSlYCKQkYCEFQlXwooEpWAikJGAhBUJV8KKBKVgIpCRgIQVCVfCigSlYCKQkYCEFQlXwooEpWAikJGAhBUJV8KKBKVgIpCRgIQVCVfCigSlYCKQkcBKhOXhOuAE4EFU2wzXf5Y9mg/hYh+/LXzz9/Xfbdvjg2ISkLBiKCmMCOQlkExYHu4PgjEZtF2Wblu4mDDNdNrCN39f/93F7tMuYbUVqX4vAvkJDBaWh/8B20JW656Lycv+fh9wg4On53+U+BQ83AEcZoLt28PycDbwodBrtMRvBH4F7HRwdXxuFFIERCCWQAph7XX7hRWb7ijhfCXQ+pnv75Lvuofl4UfA86iGkn9pxLc7CGuHg12jPKASFYE1JzBYWKXzCT3Aeu7Men2dRGXP5+FK4OWh12i9x2scnFn6syt/IrBuBNZSWEFSVlYmqi3nuP1/by1DDy8BPgUc2+hBGatXOdjRGoECiIAIZCFQjLCGTGp72AMcOvNW0XpCdzt4eAy5MNR7RpjbCh0rbJj3NgffHpK/mPQVRgREoJ3AJIXl4TLgDWEeqfmUJqkvOnhT26N7eA3wSeARjbB3Ad93cNbs/RJWG1H9XgTyEyhOWIvE4OG/YYhXD/PqXtBdHXpRVwEvAB7SQHsb8HYHVyzDLWHlr4xKQQTaCBQtrCCpBzff7IX5KPtZ9OXhHqC+517g510nzSWsaNwKKALZCJQoLFvP9JiZ4d69Dg7pSsHDTWHi3NaKfdfBS7vGUYeXsPqS030ikI5AUcKyJQcNUd3TR1JNNB52u+pN3+BLwhqMUBGIwGACRQhrzmc9Nmy7xcHxg5+wZwQebL7rhWEVf9u3j23fMTY6avsWrs7L2bJ46k+ZevU2e2LQbSJQFIFShDX7XWHdcO/rshq9L9k567Zmo6o5Lfr+se07xjq+tnDLfr+vrGK/f+zLQ/eJQKkEihCWwZkdctn/h28RD4r93i8WcujRzUqk/nh7L/C92fmuUoaEpeQjlrXCiUBKAkULy3oSHkwgtpTBvlns9HZwEaggQ/t1dA+uFFGUko+UlVBxiUAsgeKF1Zj8sR6QCSaJtGIBNdK3z3tG5yVhdS05hV8nAqM3wEVCmNcww1Cu03eBqQqrFFGUko9UXBWPCHQhMClhhbku62n9x1XfDq7sKkUUpeRjZeCVkAg0CExOWEFaKx+elSKKHPnw1dY5bwZOBo6a8wlUykZjS1aitqWek6h969n8NCsmX7cvSc8WKds/gL/RxosxKMcPM1VhWcXdHvP2MFUDTxXP0CLvkw8PfwMeHdK2lxj1DrGLsmNfBvSRisVr8S+7LO6+9e7uHvn655L0bDcO29TxekAbLw6tnCu4v2/FSZ61ecsalk1y17uHtkmrTwOf93Cp4hkKrk8+PPwdODqkbT0K+7bSeh62pfPnHHxzaL7G6vmmyLfimA6BkoVlDevrrtoGZu4VJuFtucPBS8IkGT72EUWOalBKPkqWeg7uirMMAiUL6xabT1m20r3ehWFZLytVA08Vz9BiLyUfEtbQktT9fQgUK6zYIUZbLytVA08VT59CCiwuB15rE8Sumhwv7hqbUXFAlKHkBEoXlk3g3u7gUUuGfFt7XS3qZaVqRKni6VOCjf28vurg9X3iWMU9YzJaxfMpjfEJlC4s2wXUDn5Y+sYq9LJsd4f6Tdg+sn0akYc/AY8Pb5CMkb2KfyjVrqd2zXu93vb6vPOZhR7qXtVoK/y7VNE+rLvEr7AiULSwwlDIJt8vdnDekl7W1nmD88TWpxF5+DPwuLBGx5K1V/HbG8Ka93q97fW5Cav11bmHS4EXU/Uq7bDXontVzTLpw1pNUAS6EJiCsExGexwcuURY/7AGnkpY89LJ0RjD6dEmqEeGtUL19jK2U4Wd+POwLoU5dtgcjMZ+JqVfFoEpCMuGWoe3nSsYhoUP2NwuVSNKFU/oNTZPj77VhAx8x8E5ZVWPbrlJyahbygq9KQSmIKyLgPMj5rH+Y6fhzIZL1Yj6xuPhlHBq9HPCvNiTwlBz7U6P7stoUxqbnnM4geKFFXokW5+KRPSyHrBINFUjquPxcDpwxgx6O9vwpPAze0Fwapjzql8WbH2wDdwMXLCup0enYj28WiuGdSUwCWHFSCuc/nxY7h6Wr2TVFNb7qCbKTwyVxD7ONTn9DPimg1+ua+WZfS4Ja1NKerznnIywGtKa/Vq/uQ+6Hap6wER1qka0KJ5U8Y9XBdKlLBbpWCqm+QQmJawgreaHvLWs7L93zjsBOrYRNXY0qPd2nyVmwztbzmC9p6Y0jyhhJ9ISKngs6xLyqjxMk8DkhNUVc2wjauxosOhkHBOWycr+NBey7nJwVtd8rWP4WNbr+Ox6ptUQ2ChhDWlQQ+5dTVGOn4oYjV8G654DCSuyhNUY20GJUTsjhRhGQMKK5KfG2A5KjNoZKcQwApsgLJtE/7StIh/SoIbcO6yIpnO3GE2nrKaa000Qlu2sYItOtw9pUEPunWrl6JpvMepKTOG7EtgEYdmizrfagtIhDWrIvV0LZarhxWiqJTedfK+9sKwoPHyDsPSg75opNcb2Si1G7YwUYhiBjRBWjcjE5eAVfZCpMbZTE6N2RgoxjMBGCWseqthGFhtuWHFM+24xmnb5TSH3EhZEHQOmxthencWonZFCDCMgYUlYw2pQ424JKxlKRbSAgIQlYSVrHBJWMpSKSMJ6IIFwfJat0XpwWw1RY2wjtPU2Nmp43R6TQojAfAIb28PyYPuqn9629XLjDaMaY0srkrCkmdwENlJYHr4OvBL4iYPnx0DehMboq/MW7fxF22JnXt2Y9/PmdjzNzRRnsS7aZ8zOfLRTjz7p4CONfyCeHvbCfxbwxLClz+zmjW1Fd2PjqLZ5YX8D3AbYFkFXt0Wm349PYJLC8mCV+BIHp8UibEiqblS2fXH0mqwNEZZtUHhIkNW8fcHmCan5s2XCWvS7mJ9bGDvh2+RmUq0PtG0r/t3hMNxF4a4H7NQiE9autsj0+/EJTFVYXwO+FnuYQzjJ+Wjgu10k1SyeTRDW0OrYZBQ2RLTDYJuX9bLsskNFmnXPJGTHue2lOr27lqYJ9I4Q1uQTdRjt0OfQ/eUSmJywPDwW+IWD42KwBlnZxPoTYsIvCtMmLF/9S31UGIIYV+sNXOng9UPSndK9bYym9CzKa5kEpiisjwI3OrhkGdLGcVwX9v1+sEsPy1dzIbWw7FbrLdRvH62n0Jx/sR6F/b/1KprbLTfnXGx+ZedU5lZMVvbQKViX2VSUqxIITFFYUW/rGsdxJZmf6Nt78HA58DJgW6PATWAmqn/ODI2acy42v7JjKnMrElYJzXn98zApYXl4J3C8g3NXXTR9hbXqfI6VnoQ1FvnNSndqwroJeLaDv666mCSs5cQlrFXXyM1MbzLC8nA28GoHrx6jqCSsVmFtrbPSHNYYtXNz0pySsH4OvNPBtWMUj4TVKqz7wlbUxdSpMeqJ0sxLoJjKtUwIHt4BfMDBkXlxLI5dwmoV1kXABephjVVDNyPdqQjL3qbZ8oSPjVUsElarsGyJxhH2WY87cAnHWEWmdNeQQPHCKqF3ZeUuYbUKy4aE9mdb7Afla9ie9EiZCUxBWKP3riSs9lrowSbdLwbeDdzs4Jj2uxRCBLoRKFpYpfSuJKzW3pXNX50fjlIzcWlY2K0dKnQkgdKFVUTvSsJqFZbNXx1uc1e+Ghba8obmJ0eR1VHBRGA5gWKFVVLvSsJqFZZJao+9xfXVot5jJCypJweBkoVVTO9KwmoV1tb8lYPzxCpHM1WcNYEiheWrnRjOidlrfVVFqbeE80l7eA3wlWaPaggrX+1/dZituwspPgI4aSZ1G24eH35msrRdMuyynt6hc3JqYQ4GbnBw8qrqjNJJT6BUYdkGb59x1YLRIq4hjbCIB8iUiXl74w9h5WFPEJbl2KT1SODEmezb1jzHhp/Ztjb1gmITk23xPHtZGNvq53cOnpYJhaJdAYHihFVi78rKYUgjXEE5jpZE2LjQJtz3nTyUgpUH22rHNmvcHbtZ42gQlPDKCJQorOJ6VxLW4vroq+2O73BVT2jrSiGsRlzWa/qfg4esrFUooWIJFCUsqk9vipq7ytEIi60NPTIWFowecPpQSmEFAdp209aD21vSvGYPXLplIIHShGXbChc1dyVhLa9hQVivc3BFblZhjZdNuP/XwfaBdV+3T5BAacL615g7Miwrv9S9hgnWlQdk2Vef4pw7u+YqNytfHfN1sNZ6rUMt6vYMRQmr5K1JcjfCbsVWRuhw8Kr9I2OT4/uu3Kx8NXVgGznakWDXOTi1DCLKRW4CxQgr94MOjT93IxyavzHuD8PB5zqwzRWzCyt8/fBxOyW6PrEZ+KEm5cco/XHSlLAiuUtYB4LycA1wmjvwNKCtQDlYhfMlj3BgC0kPuMKbygdpiBhZmSccTMKKLLwcjTAy6SKD+ercxWsdPHeOQKKOYot5MA87gRfZkfLLDsP11anQtihUQ8QYsBMNI2FFFpyEdcCQ75lBVnN3ZEjFKkjR6ui3HJwVU1RhmPpv4EsOzom5R2GmQ0DCiiyrVI0wMrmig3mw49aOcvO/2xs0JPTwR+A44BDg132+/fNwZ+ObwnuAyySvoqtUdOYkrEhUEtYBPSxbfX7JogNtu7AKE+m2PMIWhlp9tO/+7nWVsAZdHi4F3sj+NVu3Amc7+PGgiHXzaAQkrEj0XRphZJSTDObhPeEEo22LHiCGlYcbgKeEOGw+7EYHT8oFJcjrVeFjakvvCw7ekis9xZuHgIQVwdXDb4ETSl4nFvEYSYJ4sN1F/+DgtD7C8nB3GO7Z7bZifd7uCknyuiR/v27sAHG9dnDIijtp5BJWBE4P7wXeL2HFLVmY18Oqlx4E3L93cEIE+qxBPHw2DBmtt/gn4MsOLsyaqCIfREDCisDn4alh87eN5uWrBaJPdvs3zJtLz4QV5qLs9zbfZftX2eZ673LwiQjkKw3i4fnA54En2OnVwF1Uz3qeg1+uNDNKbCmBjW6AXepGzLxMl/imGDYsM3ivgw8uy78HezNnO3zaZWuyJnMghYdTgA/botjwptGE+1MHp0+xzNYtzxJWZIluurA8vBTYkeLtXSTyIoL5aoh4BpWw7LOgbzi4uojMbWAmJKwNLPQ+j+zhBzZccnBmn/vX4R5fDWd3Oti1Ds8zxWeQsKZYaiPkOWzpYmuYrhoheSUpAlsEJCxVhCgCmz4kjoKkQNkJSFjZESsBERCBVAQkrFQkFY8IiEB2AhJWdsRKQAREIBUBCSsVScUjAiKQnYCElR2xEhABEUhFQMJKRVLxiIAIZCcgYWVHrAREQARSEZCwUpFUPCIgAtkJSFjZESsBERCBVAQkrFQkFY8IiEB2AhJWdsRKQAREIBUBCSsVScUjAiKQnYCElR2xEhABEUhFQMJKRVLxiIAIZCcgYWVHrAREQARSEZCwUpFUPCIgAtkJSFjZESsBERCBVAQkrFQkFY8IiEB2AhJWdsRKQAREIBUBCSsVScUjAiKQnYCElR2xEhABEUhFQMJKRVLxiIAIZCcgYWVHrAREQARSEZCwUpFUPCIgAtkJSFjZESsBERCBVAQkrFQkFY8IiEB2AhJWdsRKQAREIBUBCSsVScUjAiKQnYCElR2xEhABEUhFQMJKRVLxiIAIZCcgYWVHrAREQARSEZCwUpFUPCIgAtkJ/B+Q0rnTiDcohwAAAABJRU5ErkJggg=='),
(59, 6, '無', '沙發2000', '高雄市田寮區文學路100號', '高雄市岡山區七賢三路一號', NULL, NULL, '無', 0, '一般方案', 'paid', 1, '2020-10-13 08:37:07', 'data:image/png;base64,iVBORw0KGgoAAAANSUhEUgAAASwAAACWCAYAAABkW7XSAAAP4ElEQVR4Xu2dScg1RxWG3878m0RDMCAoMWIcgkRdK1koGlEQNC4UceHKjTs3IoIgEUFwIYgbRcSFq0R0I6gREUTdquAA0QwaFCRmMMM/JWmp+3Xf1Ndf973VXdWnu6qfu0ryddWpes65b06dW11ViQ8EIACBTAhUmYyTYUIAAhAQgkUQQAAC2RBAsLJxFQOFAAQQLGIgKYFaekHSlZLqSroiaed0tnkCCNbmQyANgFp6UWcF6qXqRLz4QCAJAQQrCcZtdlJLz0u6TtrXQmtJFyvpXC295P579fLftgmJWSclgGAlxbmNzlox8mbbu/yrJSdgZFnbCAuTWSJYJpjzN1JLl5vaVBszTowuV9K1Q7Mjy8rf72ubAYK1No+sbDw92VRwxtQsGc+xLFyZUzMeDoKVsfPmGrr3S19rwmVTD1fSG8fabJaF5yvpFWPb8jwEugQQLGJiTyAmmzqwLHRi92IlXQVqCMQSQLBiCWbevi+bSrl/qsmw2JOVeZysZfgI1lo8YTyOWrqg0wXzWbIgBMvYsYWbQ7AKd3Df9DpLvxcq6eq5MCBYc5HdZr8I1ob83hGq4F/7YhCxtSGGHm0pum8wBpYQKu/nRXa8bzDm5poyGdZcZFfQb0eoFil8k2GtIBAKGgKCVZAzvazGfxF5EaHyxrI7vYHNowUG2gJTQrAWgD6XyVo637yM7EwsKlQI1lxe3na/CFYh/u8s/x6vpFvWMLX22BkyrDV4I/8xIFj5+9AdibArbK8lq/KRUsMqIMBWNAUEa0XOGDuUzhJwlo2fY8fUfR7BiiVIe58AgpVpPPhLwDUvtxCsTANspcNGsFbqmEPDWvMSsCfDci8/r+IHgAxdzZA7BBCsjEIihyUggpVRQGU4VAQrE6flsgREsDIJqEyHiWBl4LicloAIVgYBlfEQEawVOy/HJeCAYJm8aL1iVzK0RAQQrEQg5+imOZrFbbDK1k/NHNxlFdfMwYg+t0Ug2y9C6W4qZTtAI1g/rqSPlu4z5jc/AQRrfsajLXg1q1VuBg2dUHuqac4ZYuhcec6GAIJlwznYinfGevZ7l0pY0gY7jgdNCCBYJpjDjZRypLCXJbqr69119nwgEE0AwYpGmK6DUjKSWnpM0mvZ4Z4uNujphACCtZJIWEORvZYelPQGSVd4WNzS9MoxmEoR3jFz5lkbAgiWDeeDVqyK7LV0UScXmrZ+H+t/917go9WJqPV+1iC8K3ApQ5iJwNiAnWkY2+02ZZG9li432VGoIDkBcp/2dubevVLNGF3W5ceLa+M2hO5vdG7su3/P/geD7UbkumeOYC3snylF9vYUz9ihT9luUEsPSbqtp5zgBGwXT1P6jZ0L7bdBAMFa0M8hy6dauuQucZi4jGszKHdZ6i57qqUfSfpIkx2Nqk31oWrE08VRN/va21wQMaYLI4BgLeTQWnpG0g3NcqwdRYg/WhFql3Lu389X0o3HpuKJVdIsyFvWtkc1d8Xra5X0hWPj4+8QOEYg5AtyrA/+PkCgKXK7a+BDOfs1Jffl39eHYjOiJlPbXUmfesk2tKxdw72IBGdZBEK/SGXNeqbZNEVnf/nWWupmRe6uPrdEGzzFwPuyu6XVTmimfuY8SytwWdtmXm4KnNww1ZG0C/4/P6h6CAz8erZfqg3tXwr8kkcfLdzuh2qGnvyXO6/4H/TOYyfj4gQHvlWjCZBhjUA2UGA+KlBdE42QHMqudjc3xyzd5t5i4C0xRwlhLT0q6da5RHSEO3k0QwII1nD96fuSPtXUn7qczuxBCvW9RXZVS3+UdOcc9apGnfdLvKmi2tmaMUr0QlnzXHkEEKz2f/XS8801731MnEAl+Zk+ILtymz9dsf3pSrppbMh5v9jNUVx3WyzaeloSkeksE4OWlmOZ8Hw5BDYrWM2Sxn9Nxfdqu1Xg+pSuHpFdTRIbv2Y1NfMZmu+chftUWVtKX9HXOglsRrCOFcglfb6Svj6nm45lV80Xt11ujtrU6dWsLlTSuVTz8LdDzP3Kzdx1t1RM6Gc5AsUKVqoCeSrXtF/GQ5lPyDMHMqDdUjJlZjV3VtU3F6+2xfaHVMFXUD/FCNYRgTr1ku4S/jsmRu3mS1fknyI6x/ofM2fLrGpAtNqi/ncq6TNjxs6zZRPIUrBq6Qm9XJDu+wXPFW+jNlumdvshQfGWQjuzSwrWElnVgGjtNttOYZHad/S3HgJZCVZnI2RL0QX2pbUfw3tEsNzO933NasqXNCbDqqXndFL3auMhyS+AMWEeM58Yu7RdN4FsBMsvyEp6opJevW60p0d3RLB2G0XbFhMF6weSPhmSlfQI1F78q9OnjS6GGMFaDP2qDWcjWKumGDC4MYI19X27WuoVrUMC1ZwWcVcl/TZgGmaPIFhmqLMyhGAZueuIYLVF5v0heClEq2dqu/cTJa1OoLpjRbCMAjMzMwiWkcMCBcvVsvwjZVKN7t1ry6COTYyLLI4R2ubfESwjv48RrLaGNeEo5FMZlG8zsK/2bPdFf2FFrIyCMkMzCJaR06YIVuzQutslRva3yMZNb1vF45V0y8gx83jhBBAsIwcfEaw2M3K/FkbvVu+8UOxmGLxNoZYeaY5/Md/iYHXdmZHLMTMDAQRrBqh9XVoIVvfAPklRAtgVvinbLULxekvWYHEN7ZvnyiGAYBn5cm7B8pZ/+yNaUv3S5te/5hCtqYcBGrkOMysigGAZOcNKsLyC/fckfdpNL4XI1NI9kn6Yqr/dOvUkA2yvCCOzMorFnM0gWEbesxKsZhm4v6U5hVi1iKaKlnd7UKN3Z6AjVkZxmLsZBMvIgwGCtftVrqlDBd+Uc2C7wiwi4InWmV8RvTPHhoSpSax2m1cfrqTbjfBjphACCJaRIwMEa1d7Crm6vkek2mvEnD9n2w7QuYX6WOy0Y1r8aB8jF2PGgMCxoDMYwjZMBAjW7tqrni0JQ4Daa8D2pzx0fiX879gXxGvpr5Le5J3acCw+9qIk6d5K+vI2vMkslyJwLCCXGldxdgME69n2uvmBY3T2y6mh+w6bB04dVRMJ0r+J+klfAEPOp4+0TXMInCGAYBkFxZBg1dLPJN2dsjg+Qrh8QXJLt+BXcmrpgqRrU4/byB2YyZQAgmXkuAOCddFdW5/bFx/BMgoczJwigGAZBcQBwUp+eYTFlBAsC8rY6BJAsIxiAsEyAo2ZogkgWEbuLVCwuCTCKHYw8zIBBMsoGkoSLG/rxRcr6atGCDEDgf0tKaCYmUApgsVFpzMHCt0fJECGZRQgJQgWR8AYBQtmBgkgWEbBkbNgdV8Fym0LhpGLMWNAAMEygOxM5ChYndeEXJH9G5X0OSNkmIHAGQIIllFQzCVYtfQeSfdLusl7B9DNKpVvZzn1wQg7ZgojkCqoC8OSfjqxgnXg/cL0gx3u8cwL15bGsQUBBMsoBmIEq5b+J+nG5hLUZoW5O1PqX5V0a8wUauk2SQ95GdmZjKpzMmjXnBuHO2ni2phx0BYCIQQQrBBKCZ5JIVgpi9219BdJb/GEKvhar1q6T9LHGizdGGIJmSBe6KKfAIJlFBlrEazmuOJrvGkHC9UhVLX0jKTrWwFMKa5GLsJMBgQQLCMnRQrW+yQ9kHio+9t1UvZbS++S9BvXJ6KVkix9NTEFCAsCtfR7Se+QdOp1ltCruGophWi5etNTlXTznHNGtOaku+2+ybAM/d/80ndqCRYqWIbDTGLKE60kS84kg6KT7AkgWIYu7LtgolTBclg5RtkwuDZiCsEydHTfF7hwwfq3pNdQyzIMssJNIViGDh4QrN2lEXN8qRt77QzdLctPS/pdJX3YYtq1hGBZgN6QDQTL0NnNvX5X++I017JpxHVhPgFXlP9VJb03BZbmYtVZxDjF+OgjPwIIlrHPmjrWfkvBjILVvkbjrq0/9amlOyR9V9Lbmr1T7TN+PDxdnbyfOPpTS+clXdc2nCN7HD0oGhRBAMEydmO38D6zYP197HXwtfQTSR/0dsAH79fqCpWkX1TS+40RY65gAgiWsXPbl5jbrCPkavqxQ6ylP0u6Izaz6R4vU0lnsjU3th6heqCS7h47bp6HwDECCNYxQon/3s2o1ixY7dR7zsX6UiV9pUeofl5JH0iMjO4gsCeAYBkHQ7cQ3beZNHZItfR2SX9o+nG1rL9V0ptD+62lt0r6pqR3SnqlpKu8JWJfzCBUoXB5LooAghWFb1rjRqQuuSNZ/H+e1lt/q45opey6r6+LlVdkn9sY/W+XAIK1gO/bZaCkC5LOxdaaQqZQS09KetXAsy4LuyTpCUm/rqRPBPb52SYTa+OIo2VCwPHMZAII1mR00xt6gvXSXJtGp49uWsvQAv203mkFgRMCCNYCkeB9uV1mU1lkWFbTbGt0rb2S5mbFEDvDBBCsBaLDv9+vNMFqcTZL0N3GU0RrgSAr1CSCtYBjO2e0F5Vh+Thr6XZJDyJaCwRZoSYRrIUc692CU3ShGtFaKMAKNYtgLeTYrQiWw4toLRRkBZpFsBZyqidYmziR09sX5nbJ37sQdsxmTgDBWsiB3i+Fuw2kCw3D1Gwj0i9U0tWmhjFWDAEEayFXznVKw0LTCTK7xTkHgeGhYAIIVjCqtA+2Wxu29JN/+7L0luacNmroDcFaKAZKPst9CGktPW/1KtJCbsXszAQQrJkBH/jyXnanIGwh2+jsfi96G8dC4bQZswjWZlxtO9Hm5NIPeVYpttu6oEhrCFaRbl1uUrX0bHNOfDuIf1TS65cbEZZLIoBgleTNheZSS/dIut97md691P3xSrpvoSFhtlACCFahjrWYVi39R9Itnq3nKukGC9vY2CYBBGubfp886x6RctnUTyvJr1dN7p+GEDhEAMEiPo4SqKV/Snqd96ATqT9V0p1HG/MABBISQLASwiylK+89R39KiFQpDs54HghWxs6ba+g9gvXUgC1Xr3ps4G83S3pE0rcq6dtzjZV+t0UAwdqWv0fNtpZ+KekunWxV6PsgWKOI8nAsAQQrliDtIQABMwIIlhlqDEEAArEEEKxYgrSHAATMCCBYZqgxBAEIxBJAsGIJ0h4CEDAjgGCZocYQBCAQSwDBiiVIewhAwIwAgmWGGkMQgEAsAQQrliDtIQABMwIIlhlqDEEAArEEEKxYgrSHAATMCCBYZqgxBAEIxBJAsGIJ0h4CEDAjgGCZocYQBCAQSwDBiiVIewhAwIwAgmWGGkMQgEAsAQQrliDtIQABMwIIlhlqDEEAArEEEKxYgrSHAATMCCBYZqgxBAEIxBJAsGIJ0h4CEDAjgGCZocYQBCAQSwDBiiVIewhAwIwAgmWGGkMQgEAsAQQrliDtIQABMwIIlhlqDEEAArEEEKxYgrSHAATMCCBYZqgxBAEIxBJAsGIJ0h4CEDAjgGCZocYQBCAQSwDBiiVIewhAwIwAgmWGGkMQgEAsgf8DR5P8xGZ6ppEAAAAASUVORK5CYII='),
(60, 26, '', '', '一號地', '二號地', NULL, NULL, '', 0, '', 'paid', 0, '2020-08-19 01:20:09', ''),
(61, 9, '無', NULL, '高雄市梓官區文化路3號', '高雄市小港區316', NULL, NULL, '無', 15, '超值方案', 'assigned', 1, '2020-08-20 05:57:45', 'data:image/png;base64,iVBORw0KGgoAAAANSUhEUgAAASwAAACWCAYAAABkW7XSAAASR0lEQVR4Xu2da+g2RfnHP5Nm2hG1kxUZHSw6CFbSG6lIKqITFBS9iKCCorIgDetNdKaioiKopIKKoOOLCgs6WFRGZKiRUpaGGSiax9LH9DEn5re7PvPsb+97d2dnZ2f2/i7In3+/nWuu+V7Xfp7Zua+dMeiSAlJAChSigCnET7kpBaSAFEDAUhJIASlQjAICVjGhkqNSQAoIWMoBKSAFilFAwComVHJUCkgBAUs5IAWkQDEKCFjFhEqOSgEpIGApB6SAFChGAQGrmFDJUSkgBQQs5YAUkALFKCBgFRMqOSoFpICApRyQAlKgGAUErGJCJUelgBQQsJQDUkAKFKOAgFVMqOSoFJACApZyQApIgWIUELCKCZUclQJSQMBSDkgBKVCMAgJWMaGSo1JACghYygEpIAWKUUDAKiZUclQKSAEBSzkgBaRAMQoIWMWESo5KASkgYBWSAxYOAkcYuFchLstNKRBdAQEruqTzGKyBdaRBR7PNo7CslqCAgFVClAABq5BAyc1ZFRCwZpU3nnEBK56WslSuAgJWIbETsLYHysL/qNb3rNb5CknqADcFrADRlmgiYHWrbuFuDl/XE7CWSNBEfQpYiYSe2o2AdUhBC3e5X0w9TW0NLcFqaqJl3l7AyjxAjXsC1t4PD+3Z1N0GjrB7f9qbZimfC8nnUDcV4FDlErfbVWBZuAO4t/fa5+D0CwOnuxA0EBOsEifkQt0JWAsJP7bbXQOWt4jeSLU3m/J18+7Z97ex+ur+MhQQsMqI007UYVn4KdXMqclLN5s6aOA+7TDVM6+j9KtgIQkcyU0BK5KQc5tZ8wyrYzbVu3iudau5My5P+wJWnnHZ59XagGXhAHB0azblXu2O7AuJYNWn0Hr/LmAVEtu1AGtq3ZTX/jYD9y8kfHIzkgICViQh5zZTMrAs3Ek1c/LXpu4y4NagBl9aZB8s1WpvFLAKCW2JwNpUNxUiuRbZQ1RbXxsBq5CYlgKsDVXoNxk4forUWreaot562gpYhcQyd2DFnE21QyJYFZKkCdwUsBKIHKOLHIHVVY4APNvAb2KM2dnwQHirgQfEsis7ZSogYBUSt1yAZeF9wHtbOyTMUmnuwWoW+4WEXm56CghYhaTDUsCycBXwqFomP196izunSKv9raaot962AlYhsU0FrOawi9YMqlHJfSrzP1N9jDzb1YxVn93MJnGxhgWsQkI3F7DqmYzLg3YuODg1//kn9exazjgN7jBwTCGpsmo3dy35ig1mDGB1bNXi69Fsgten0d7eUzXM3P5Usa/m0xy3Sd/SlwO1D2utpS0cEQFr4QAM7X4osCycCnwOeIb3sA2Nsw8j9+o3qhJ96Fg23Zdr+YL3inrPq7H2jZ8a7bD2QxM5zLpaRVOgD1gdJQbtvheFUZ8QucKqQ0R/11On6RsNfKVvfPp7HAUErDg6zm7FB5aFm4EH1p12xTDJ4nisQXvlCxcbOCWW3TntdBTKum8jZ/0xYs7xlGJbwCogUlsWxhvvi11b8R78Ih/4jk+Rio1FAY+CNu3PLUj1A+AWevv+MXGzqGcZuCC3MQz1Z02FoRauBB7t70ihda6hmTD8vr6HYrgl3RmkwIDZU9tukTORLWtBq5uReCCetbg2KOEKbyRgLRDAZoG5p+u9Gqjm4IW+RfcFhhHc5S5Usa8pXsGBnqGhgDWDqH0m62TuvG3Twu1aHoBdqWJfS7z6cjn13wWs1IoH9reGB6D+dfNBu/DJzRriFZiqszYTsGaVN57xNTwApdRaxYjaGuIVQ4fYNgSs2IrOZK/0B2CXYOVSoPR4zZTGk80KWJMlTGOg5Adg12AlYM33TAhY82kb1XKpwCqxij1G4Jpxm/56uhjd7YwNAauQULeBZeERwEsMnJPrEEqvYg/RtfXJzupqzEI0idlGwIqp5oy2OoD1Arcrg4GTZuw22PSaqtiHiNAClQpGh4gWcI+AFSDaEk1aHz8/DfiJ+wDawP2W8Gdbn7sEq9a3hALVzMkoYM0scCzzXsHlLVSnx7j/e1ZuW5vsQhV7vaj+R+DkOr4CVaxE77EjYCUSemg3Fs4DntPa6dJvfgdwroFXDrWZ6r4dqmL398RaxbedqXJkaj8C1lQFI7S3cAJwWT1zchbd9sC/Ar7nmf8McGSuvzrZasbn9uha7WxDC+oRkn2iCQFrooBTmlu4nsOPcL/awCO7bOZe1rDmWqvWbq6rBfKUXE7VVsBKpXSz2LEfUgeBS/t22swZWGuFlYU7ObSLqECV+Fnp6k7AShSE1kEGDlJfMPD2od3nCqw1wqpj++MbDDx4aKx033wKCFjzabtn2cL3gZfV3QQnfo7AWlMVewek3H5krvCzOXZs5kyR+SEKCFhDVAq8x5tVTa54zg1Ya6hi3wCp2U+2DkwnNRuwb7hEClCgNau6xIAr9Jx05QSskgtDBalJabh4Y82wIobAwgEOHWk+eVblu5YLsEqElSAVMckXNiVgTQxAC1LOmisq/IuBp0w0fVjzHIBVEqwEqZjZl48tASswFha+Cby6bu4g9T0Drwo019tsSWBZeBbwu9rJbCu7BaneNCr+BgErMIQNsFJVni8FLP/j3lRjbYfEwtnAh+rPlZqc3ZS7RZ16HZh+O9tMwAoMfer6oyWAFXK+noUbAXfQRB9YApXvbOZmuG7NUEfFx1Q1Q1sCVmBQLFzrmhp4WKCJUc1SA2sbrEZCyc14mmtIvvn379VCbRGqOSHb2VUl+qiMKvPmIQlU5shW5nVKYHkHvTpYOGg0YJiqagOj5rXtqKkGm/a1z1F/mY3lm+zEU0DAiqflrJZSAMuC27qmgcjlwOMHDsqfFTnIXW7gSQPbRrlNe6hHkTF7IwJW9iGqHJwbWP6OBM3iet3nYQrluk7k+f8EAw62ulaogIBVSFDnBFbI4npusmmGlVtE5vFHwJpH1+hWLdwOHB27tKCkYtBtomoNK3rKZWlQwMoyLPudsnAm8ImYwPIW17MtBh0SnuZ1MKY2Q/rVPekVELDSax7cYw2YA1NPypm7GNTC8+qvAH5r4KvBA+5paOEaqrKS3PO46H8Q5opfiN3cAx0yptW2qYF10Bz6JW/0WOdar7Lw1BpS7nOl/1B9uvQtA1eNdtJrYOF04AfeR+XbKtxdy/8Cf5vSZ8S2ThPnr++z4DVBYAFrgnipm9bAcvs1BW0qFxtWFh7qQepED1J/GKuNhW8DrxhQ8+VKKNwhHecYeFspi+31IR3ueDbBa2xyePcLWBPES910ysKyXwxq4Igpvtvqo2/334s9SP1oiE1bzX4eV9/bN1u6FTjRwE2bbNfjKqrKXfAakind9whY4dolbxkCrFYx6GVTCjotOCg52Pzdve7Vr3zu18t9l4Wb62O/3N/6wPRPA26GNuryZozF1l4JXqNCnv1i5bjRrPzusbOJrmLQEIksfBp4M3Ad8AEDX3J2LLwfeHd9ssy2f/yabwJ/buCFIT74bVrHbq3mcxzBqz8zNMPq1yibO8YAK8Z6lYXXAx8FjvNOou4Dk/u854wGarHF815ti3oNHKuD4KVXwrE5k939Q4E1FVYWTgYu3vAq13w3eGPKo69am/Pt1C9tgtehR1EzrOywtNmhIcCaurjesWtn8K+SMaS1cAmHtpte9axqiF4d8NopeAtYQ7Ikk3v6gOXB6k4D9xnqtq3Wph7i3Z8FGFrw/IGBlw8d0y7cN3UmXaJGAlZBUdtUc2Thl8Bz3FDGfJ7SMZvK4l9rvxJfG/NtT1AL/wAeXd/1OQNnFJTSo10VsEZLtlyDLmB5h7UOglUNt2e31qfON3DaciOrem79+pfFLG9pTYb2v5bvQvvGK2D1KZTR39vA8h7w3oe7BYNmVL8HXmqqV8JFLgtnAR/3AKoj4gMjsQuviAJWYHIs0cwH1pDktFUl+g9bMGhqor5m4A1LjKNjNrX3P5lqK2ZdExSwcKX7OqA28VkD75hgLrumAlZ2IdnskA+pGkIbH/LW+pSD1IXAM9yHwQZOWmLYFt4FfKz1Orror5BL6JCiz74faFL4MEcfAtYcqs5kc2iFdwtsrwW+TPX94PsMfHgm9zaa7Xgd1WwqQRBqaP3MwPMTdJekCwEricxxOvEWVjfOSlqwSjarsvAnr15qTF4JXnHSY5+Vqbt7zOTWJLNjEmtSR2o8TQEPVht/DWzB6s45Z1X1rKm911PXIN3r6G0bRn8/93o4phRjmoq71XqNr4UCVuY5bKsN6Zoi0APAfbse8BasHCSumGOtqqN2y/XVzqNBv/St8YHKKZ1K2StsjGYC1hi1Et/btZVx/ZBfaqodPveuFqzc/3SdgYfHdLddzNkBqdG7JoRslxNzTGu31WwttKYZrICVadZuqrFqb5PcgtWNwLFTN+hrS9Ixq6o5iduuefAnQL7dBoBrephyS6VmGWFNGgtYuWVZa8bUrk3yF1ItXAE8tj5O/vPAW4AzDXwqxrA6QDV6FrXJjzU+TDE0j2XDwl+BJ7iiXANnx7K7tB0Ba+kItPrvKwj1X6M6CkmDdu7sgUr0X/G818uLDDw9sxCswp21/oMgYGWUnn2wqt/D3IL2HkS8+2+Y6VXwJgPHxpZorQ9TbJ1C7Xmzq4+ZakfY1VwCViahHAKrDmDtwateAI/2KjiXJBYuAJ5Z27/QVJX3uiIrsOZ/EASsyMkSYm4orLYBK+eFVQvuI+tTPW0mna0YovEutLHgThlytW3uWt3syg1KwFo4k8fAagOw/uU238sRWALV/Mllq62s3ZbWzbPsZty/NvX+aPN7kLYHASut3of1NhZWNbDurpPT/ULojtzaeyXMBVgbKuCz2BhwwVBH7drCa4BvtCYcN8+x3hjV8QjGBKwIIoaYCIGVDywHqFbZwahtkUN87mqz5ROdQdXusfzYBTutMybdkHdupwsBa4FMD4VVG1j1//8e4COtYThYXG3gUbGH1wOopCfpxB5bjvZaWyDXIefrBl6Xo79z+yRgza3wfpLcVX+UHFTftGVfd/eB8TEJ1yUdFAWoGfLHwmfc2Y6tWF5j4BEzdFeUSQErcbim/uTcfLLTt2Zl4Tzgue3N8gBXsxV6HWfg3qGN1W67Aq3vNd3Ni7zm5xwnASthdLyE/K+pZkOjr6HA8g3X8HIHT7hN/JrXisvn2M1h9IB2vIGF64HjPRnczPWdBj6949J0Dl/ASpgVU2dXNWkOAkf2zbA2DUvwShjwDV1Z+DHwwtbs988Gnry8d3l7IGAlik+M2VUMYGnmlSjgrW5sVdD5bw4/aOOAOVTouYxjhfUqYCUKWHN+YOjMqHEzlp32sDtmXl3KuBow96PB7cBNwOVUh7h+0lQbDe7UZau90t8KnFK/1h1dA2nbc+U0PNnApTslVqTBCliRhOwzEws0sexs89dWD5OD0iOBBwJH1Q9iyDFc7gF1/7lXWffpyDXARcB3DJzbp1vKv1v4IPAi4DHAA9yrd/3aNvY5cetQ7nJwdyC/1tmLvaliSm1y6WtsIHLxuzg/YoEmlp3YAlo4EzgdeCJwnNvKuX7gQyAX272p9pqzHB10b3FHpQHfNVX5ga6ECghYicSOBZpYdhINe2s3tvre7Rzg/IX9OQ14salApCtjBQSsRMFpQFN3F/xJxZqAlUh6dbMiBQSshMGsYeNqoYI/VhawEgZMXWWngIC1QEimHG8lYC0QMHWZjQIC1gKh8E7EucrAiWNcELDGqKV716aAgLVQREOr3gWshQKmbrNQQMBaKAwWrgZOaA6UGOqGgDVUKd23RgUErAWj6u2LNfjVUMBaMGDqenEFBKyFQzD21VDAWjhg6n5RBQSsReXf25B91KuhgLVwwNT9ogoIWIvKX3W+aRfRLtcErAwCJhcWU0DAWkz6wzseWpslYGUSMLmxiAIC1iKy7+906E6iAlYmAZMbiyggYC0ie3enQ2ZZAlZGAZMryRUQsJJLvrlDrwJ+457vAlZGAZMryRUQsJJLvr3DvjIHASuzgMmdpAoIWEnlHtbZtldDAWuYhrprnQoIWBnG1TuwYt9hqwJWhgGTS8kUELCSST2uI++zncM2+xOwxumou9elgICVcTy7oCVgZRwwuTa7AgLW7BJP66ANLQFrmp5qXbYCAlYB8fOhVX3JE37ycwHDlYtSYKMCAlYhyeFBywEreE/4QoYrN6VApwICVkGJ4RWWMvUE6YKGLVelwD0KCFgFJoOFNxn4YoGuy2UpMEkBAWuSfGosBaRASgUErJRqqy8pIAUmKfB/KzDe083pOAgAAAAASUVORK5CYII='),
(62, 27, '', '', 'qq1', 'qq2', NULL, NULL, '', 0, '', 'done', 0, '2020-08-20 05:13:27', ''),
(63, 27, '', '', 'qq', 'qq', NULL, NULL, '', 0, '', 'done', 0, '2020-08-20 05:25:51', ''),
(64, 27, '', '', 'qq', 'qq', NULL, NULL, '', 0, '', 'done', 0, '2020-08-20 12:11:28', ''),
(65, 28, '', '', 'wq', 'wq', NULL, NULL, '', 0, '', 'paid', 0, '2020-08-20 12:15:56', ''),
(66, 9, '無', NULL, '高雄市仁武區文學路100號', '高雄市阿蓮區大學路2號', NULL, NULL, '無', 0, '超值方案', 'evaluating', 1, '2020-08-20 19:05:19', ''),
(67, 6, '無', NULL, '高雄市路竹區文學路100號', '高雄市阿蓮區七賢三路一號', NULL, NULL, '無', 0, '超值方案', 'scheduled', 1, '2020-08-20 19:16:58', 'data:image/png;base64,iVBORw0KGgoAAAANSUhEUgAAASwAAACWCAYAAABkW7XSAAAPZUlEQVR4Xu2deawlRRWHvwJBFgU3QBQiKIRVcd/igiTiRiDEJUFjDCQaFUiIGgMahFERjWjccBKCiEpwDYILwUkQTVAkEtSwiawCoizKvgxbmXrdF3re3HtfdXfd2/dU/Trzx8y86qpT3zn9e6eqq6scukRABETACAFnxE6ZKQIiIAJIsBQEIiACZghIsMy4SoaKgAhIsBQDIiACZghIsMy4SoaKgAhIsBQDIiACZghIsMy4SoaKgAhIsBQDIiACZghIsMy4SoaKgAhIsBQDIiACZghIsMy4SoaKgAhIsBQDIiACZghIsMy4SoaKgAhIsBQDIiACZghIsMy4SoaKgAhIsBQDIiACZghIsMy4SoaKgAhIsBQDIiACZghIsMy4SoaKgAhIsBQDIiACZghIsMy4SoaKgAhIsBQDIiACZghIsMy4SoaKgAhIsBQDIiACZghIsMy4SoaKgAhIsBQDIiACZghIsMy4SoaKgAhIsBQDIiACZghIsMy4SoaKgAhIsBQDIiACZghIsMy4SoaKgAhIsBQDIiACZghIsMy4SoaKgAhIsBQDIiACZghIsMy4SoaKgAhIsBQDIiACZghIsMy4SoaKgAhIsBQDIiACZghIsAZ2lYdDgf2AC4GbHZzUNMnDow42HNhMNS8CC0FAgjWAGzy8DvgBsB3wMHAL8L3lguVhf+CsYKJb+qNLBMomoIdgzv73cC6wD/Ag8D4HZ0wzwcPhwDeAvzvYbc7mqjkRWCgCEqw5ucPDmcA7gA2A1Q4Oi23agwe8q+7VJQLFEpBgzdD1Hrash3tPrpt5yMHo79Ete3gsjAo1LIxGpoKZEpBgzcixtVjdUVd/goNPdm0qTLyHzEyC1ZWg7suFgARrBp5siNVjDp7UtwkPbwJ+C1zuYI++9el+EbBKQIKV2HOpxWpknuaxEjtK1ZkkIMFK6DYPOwDXUa2d6p1ZNU3TPFZCR6kqswSyEywPD3T0RpgMv6vjvaPbnlb/5c5GPZsAL3dwWZ+6NY/Vh57uzYWABOsJT/YVrHFiFWrfol7KcIOD53UNHA/3A5tq4r0rQd2XA4HsBGveTvHwDOC/09ZJeVgFHN1nHZWH+4DNJFjz9rDaWyQCEqwe3ogRq1C9h2/VYnNI1+YkWF3J6b6cCEiwOnqzhVgdDBxRz2OF7wY7XRKsTth0U2YEJFgdHNpCrF4EXAS8wcGfOjT1+C0e7gU215CwD0Xda52ABKulB2PFqh4KXgCc5uDEls2sV1yC1Zeg7s+BgASrhRfbiFUtWLs5uKJFExOLSrBSUFQd1glIsCI92FasIquNLibBikalghkTkGBFOnfoleYSrEhHqVjWBCRYEe71cAmwJ/BFB0dF3JK8SP0toXYeTU5WFVoiIMGK8FYtFmsdhM9spl4eXguc4mDXlcrG/nz0WQ4QZUNsvSonAtYISLBWFqBHgA1jlhPUYvWHUGVM+dhgyX2nhjDc7vMVQCxHlbNPQII1xYce1gBvBs50cOA0d3s4CDh9BmKV9W6jHs4D9q7ZPuBgM/uPlXowKwISrOmCFfZSf8TBRis5YBa7KXj4N/Bsqgwk66O+Ri81tHf9SpFW9s8lWBP872EtsHHs0G4WbxFLm2hviFbSIXXZj3hevZdgjfGnh9XAh4E/O3hljMtTzzM1Ht6DHPwoxoYcyjSGiNlnlTn4a959kGCNF6wwFGz1wNSCdauDbVI4MbUAprBpXnXMIludl+1qZ7YEJFjL+HbZFSH1/FVpQ8FxIV4zuNjBy2b7CKh2SwQkWA1vefgI8G3gWgcviHVkyoxAYlVRLznDjI27EstJsNYVrE4nLKd6uBrzVhc5eEWJATnqc8pfAiVzzK3vEqzaox7+Bzwd2MRVbwijr1qwHnawcfRN6w9Fl9ZbzeLEna42DXmfrw4E2SL2Le2Qtqrt+REoWrA8nAKEHUF3Aa4EbnOwdRv8Hu4BntLnwWp8euO14vsJ+vUvglYvP9r4TmXtEZBgVYIVhoKui+hMG7r4KuM6AbjUwUnjwmOUSWjB5Pp0Ug217T2WsngSgdIFayvg1hrO0jeDwDXAGgeHxoTNpIeqFqt/hSEe8JlxguXhVOADEqvxpDWPFROBZZUpWrCCq0eCUwtLOK15KdtqhMHo383DUZtREs4jDPNPNzT+M9z/HOAKB3tNyKxGAqlV3ROeOQ/XAjt2yXzLeozL6W3RguVh4k4MHnYCjqPaLiaIz91jwmJTIBzAev2Yn4W5l7FLI/TdXNwDJsGK41RSqdIFK2RPNznYvovTuwxZJFbxpCVY8axKKVmsYE3LrmKd33aRZ0Os9OYrArIEKwJSYUVKFqxe2VVz/itmKcJI3IAHHYShpK4VCEiwFCLLCRQpWImyq3BI6t+A77vqTd/Yy0OYrN+y/uGBDs5UGMYRkGDFcSqpVKmClSK7WnEn0NT7O3m4qX4BkNJvgUW4Qua3ULt9dpkjLOnhLbGvKQPfBL8U2VXMcLAxBOy8er1eAR98NISfOtudIhA8nA28TQdvpKCZTx1DPAiD0quFpPObwVqswmLQDcatD2p8ZhOKXhl7eo6HG4HnThCnkAU9FHNqTx+4Ho4AvlwvoO208r9P+817277QSNWu6llsAkUJVuLsar0Fn22WLEzJnkZDtLMd7DdE+Hj4B7DzUAs2R4fGAtoPa4gAWOA2SxOsFHNXnwc+Ddzpqt0dwtL4x1etj9up1MMvqMRnHO+5ZE9tYtDD5cBuAwpWp21+2vRRZW0SKEawEmZX60y2N+aqHs+4pgjUKHs6x8HbFzVkhhQsTbQvalQshl0lCVbv7Gr5ZHtjCHgHEL4pXM5zKVMAtnVPfGS9GJ6fYoWHq4CdhsiwtEPDwofHoAYWIVgJs6t1Jtub2VXtRZMCtWyye3fgsvB/8xYsZVeDaoGJxksRrOTZVZ1theGhuQxqUmR6GFKs9gQu0VY7JnRjMCOzF6xUr8c9XE21+8L5Dl4/mMdm1PCCiNXcs7oZ4VS1MyKQtWB5uB14JvBVBx/vwzD34UoqYW/L2MMos5JYtYVXYPncBSsM1x5xsFFf3+a8v3jj5cE+Ds7ryyr2folVLCmVGxHIVrBSZgw5Z1e+2pjwqUCvU3/aPlK+Wpf2yyEm99vaqvKLQyBLwUo5FKwn17NdyDjEMoIxb1envAfgWAefXZxHRpYMSSBXwUo5FLyfav+qFzq4dEhnpW47Ngv11TFm96Zqv4VgNZs8RsKVygN268lOsGIfwliXpa4vtt1Zl2vMWx3tIHxuNPbycHK91OCDs7ZpXP2+WhMWlluMrpBxrRrCFrU5PIGsBCv1ULAxHEwycT+8uysLPPwOeONKp0x7+ARwwCIs4xgjXKscHLsoTGXHfAjkJljJhoL1g73iJn3zcVPaVmKyxnpS/LvAa1y1Bm0hrjHCtbmDMGzXVQCBbAQr5iFs688clzLEvPGsjzi7ADjYwa/acptH+WXC9aiDcKakrswJZCFYMxoKZpdd+SoTCS8QbnWwzaTY9nA+8HMHX1n0+G/0KZh6tYOdF91m2dedQC6ClXQoWA8HQ53mj+Py8HzgmkaITN36eOhJ9q6hnHr//K526L7ZEjAvWKMtiVPuLBAzbJqtW9LU3kGsFmaSvQuBxj7w+synC0AD9+QgWCETeiDliS85zF01xSpGzBd1kr3tM+SrffHD6UISrbbwDJQ3LVge1gIbxzyQsb7IIbvy8GogTJpHPbQWJtlj/VcP5yVabYAZKmtdsEJ2lfQNkfXsysMOwHUtxCosyvwxcKqFSfbYZ8vDd4BDUv4yi21b5WZHwKxgebgNeFbKgLSeXXUQq9XAh8LGeQ5ePLswm3/NHr4JHJYyPubfC7W4nIBlwUr+QbLl7MrDncCWMZmVh+OAj4bhdDgByMHXcns0JFi5ebTqj0nB8vDHsAIbeKeDM1K4xmp2texD4olLFsIHzMA5wKvqg1LvdtXBGVleHo4HjlSGlZd7rQrW0nFZKYPRYnbl4ZSwGr0OybDQdYOwYWEjRMPq76X1ZLVIPQj82sG78grj9XsjwcrTw+YEy8PHqFZgr3HwlhRusZpd1W/Ewkk+o2uSYD0EvN/BT1PwslCHBMuCl9rbaFGwkn8yYzG7au/qsu6QYOXpb4uCFYY4N7tqgWDvaxYfTfc2ShX0JiDB6o1wISswJVgezgL2TzV31fj+7DJXnd6iKxMCHu4DNksVK5lgMd+N0gUr+dII8xGRSQfqzPkvDl6aSZfUDWvLGlJmWBoK5hv/yq7y9W2RGZaGgvkGtId9gd8Ayq4ydHOpgqWhYIbB7KsPvsOH30m/L80QldkuWROs8Jtz3z4TqRoKmo3VqYZ7uIdqNf/1DnbMs5fqlTXB2gm4Kriti2hpKJhfwHs4hOooshDLX3JwZH69VI9GBEwJVjC63rupk2gNccqxQm12BDx8ATgqh62sZ0cpr5rNCdZy0QJOdHDYSm7RUHAlQrZ+3jhb8SYH29uyXtZ2JWBSsMaI1tQhouVvBbs6Nuf7PNwIbAf83sHeOfdVfVuXgFnBGnXDwy3A1pPmtRrzVnflvJ1KKYE9WmMFHO/gU6X0W/2sCJgXrDrb2hW4YrloebgL2CJMfblq6xVdRgn4KpM6t94uZw8HVxrtiszuQSALwVouWst4SKx6BMgi3OrhcKpdUR92sMki2CQbhiGQjWBNEC2J1TBxlaxVD6cDB2nlejKkpivKSrBMe0LGr0fAw8XAS4AfOnivEImABEsxsJAEPPwH2Ao4wlUn4OgSgTwm3eXHfAj46rixC+t96HdxcEM+vVNP+hJQhtWXoO5PRsDDAWH4B9zr6qUqySpXRVkQkGBl4Ub7nfCwCjga+JmD99jvkXowCwISrFlQVZ2tCHj4CdXRY59zcEyrm1W4KAISrKLcvXid9XARsHtYuuCqPft1icBEAhIsBccgBHx1puRpQDgzcS8Htw9iiBo1RUCCZcpdto31sC3VeqqwEDRstvfPVIfh2iYj62MJSLBiSalcZwIe3l2L1Fvrt4Cnu+q7QF0i0IqABKsVLhVuQ8DD12uh+mtDqNa2qUNlRaBJQIKleJgZAQ+HAmtcva31zBpSxcUQkGAV42p1VATsE5Bg2feheiACxRCQYBXjanVUBOwTkGDZ96F6IALFEJBgFeNqdVQE7BOQYNn3oXogAsUQkGAV42p1VATsE5Bg2feheiACxRCQYBXjanVUBOwTkGDZ96F6IALFEJBgFeNqdVQE7BOQYNn3oXogAsUQkGAV42p1VATsE/g/o7yDxJrq3asAAAAASUVORK5CYII='),
(68, 29, '', NULL, '1', '2', NULL, NULL, '', 0, '', 'scheduled', 0, '2020-08-26 22:12:51', ''),
(69, 9, NULL, NULL, NULL, NULL, NULL, NULL, '', 0, '', 'scheduled', 1, '2020-08-21 00:58:11', 'data:image/png;base64,iVBORw0KGgoAAAANSUhEUgAAASwAAACWCAYAAABkW7XSAAAEYklEQVR4Xu3UAQkAAAwCwdm/9HI83BLIOdw5AgQIRAQWySkmAQIEzmB5AgIEMgIGK1OVoAQIGCw/QIBARsBgZaoSlAABg+UHCBDICBisTFWCEiBgsPwAAQIZAYOVqUpQAgQMlh8gQCAjYLAyVQlKgIDB8gMECGQEDFamKkEJEDBYfoAAgYyAwcpUJSgBAgbLDxAgkBEwWJmqBCVAwGD5AQIEMgIGK1OVoAQIGCw/QIBARsBgZaoSlAABg+UHCBDICBisTFWCEiBgsPwAAQIZAYOVqUpQAgQMlh8gQCAjYLAyVQlKgIDB8gMECGQEDFamKkEJEDBYfoAAgYyAwcpUJSgBAgbLDxAgkBEwWJmqBCVAwGD5AQIEMgIGK1OVoAQIGCw/QIBARsBgZaoSlAABg+UHCBDICBisTFWCEiBgsPwAAQIZAYOVqUpQAgQMlh8gQCAjYLAyVQlKgIDB8gMECGQEDFamKkEJEDBYfoAAgYyAwcpUJSgBAgbLDxAgkBEwWJmqBCVAwGD5AQIEMgIGK1OVoAQIGCw/QIBARsBgZaoSlAABg+UHCBDICBisTFWCEiBgsPwAAQIZAYOVqUpQAgQMlh8gQCAjYLAyVQlKgIDB8gMECGQEDFamKkEJEDBYfoAAgYyAwcpUJSgBAgbLDxAgkBEwWJmqBCVAwGD5AQIEMgIGK1OVoAQIGCw/QIBARsBgZaoSlAABg+UHCBDICBisTFWCEiBgsPwAAQIZAYOVqUpQAgQMlh8gQCAjYLAyVQlKgIDB8gMECGQEDFamKkEJEDBYfoAAgYyAwcpUJSgBAgbLDxAgkBEwWJmqBCVAwGD5AQIEMgIGK1OVoAQIGCw/QIBARsBgZaoSlAABg+UHCBDICBisTFWCEiBgsPwAAQIZAYOVqUpQAgQMlh8gQCAjYLAyVQlKgIDB8gMECGQEDFamKkEJEDBYfoAAgYyAwcpUJSgBAgbLDxAgkBEwWJmqBCVAwGD5AQIEMgIGK1OVoAQIGCw/QIBARsBgZaoSlAABg+UHCBDICBisTFWCEiBgsPwAAQIZAYOVqUpQAgQMlh8gQCAjYLAyVQlKgIDB8gMECGQEDFamKkEJEDBYfoAAgYyAwcpUJSgBAgbLDxAgkBEwWJmqBCVAwGD5AQIEMgIGK1OVoAQIGCw/QIBARsBgZaoSlAABg+UHCBDICBisTFWCEiBgsPwAAQIZAYOVqUpQAgQMlh8gQCAjYLAyVQlKgIDB8gMECGQEDFamKkEJEDBYfoAAgYyAwcpUJSgBAgbLDxAgkBEwWJmqBCVAwGD5AQIEMgIGK1OVoAQIGCw/QIBARsBgZaoSlAABg+UHCBDICBisTFWCEiBgsPwAAQIZAYOVqUpQAgQMlh8gQCAjYLAyVQlKgIDB8gMECGQEDFamKkEJEDBYfoAAgYyAwcpUJSgBAgbLDxAgkBEwWJmqBCVAwGD5AQIEMgIGK1OVoAQIGCw/QIBARsBgZaoSlACBB1YxAJfjJb2jAAAAAElFTkSuQmCC'),
(70, 9, '無', NULL, '高雄市岡山區三民路57號', '高雄市岡山區萬華路11號', NULL, NULL, '無', 0, '超值方案', 'evaluating', 1, '2020-08-21 01:06:23', ''),
(71, 6, '無', NULL, '高雄市阿蓮區三民路57號', '高雄市路竹區萬華路11號', NULL, NULL, '無', 0, '升等方案', 'evaluating', 1, '2020-08-21 01:46:50', '');
INSERT INTO `orders` (`order_id`, `member_id`, `additional`, `memo`, `from_address`, `to_address`, `from_elevator`, `to_elevator`, `storage_space`, `carton_num`, `program`, `order_status`, `auto`, `last_update`, `signature`) VALUES
(72, 9, '無', NULL, '高雄市田寮區dsd', '高雄市路竹區萬華路11號', NULL, NULL, '無', 0, '超值方案', 'scheduled', 1, '2020-08-31 22:01:29', 'data:image/png;base64,iVBORw0KGgoAAAANSUhEUgAAASwAAACWCAYAAABkW7XSAAAW2UlEQVR4Xu1dSc8mNxF+OpNJJpmZjJCICKCwRRzYJBaJYyBwQ0EcuIXtiDgg8gNQSCR+AEhIiCMQuHBASBE3NnFDYpHYDhE7YcsBDbNlsjWq/uz38+txt7dyt+2uV0Lkm9fttp8qP29VuVweIB9BQBAQBBpBYGhknDJMQUAQEAQghCVKIAgIAs0gIITVjKhkoIKAICCEJTogCAgCzSAghFVIVCPwsuqaMB6BW9xv+rcbA3C+0BCkW0GgOwSEsAqJdDwhKfpostJ/6zdqIqO/Xx6A2wsNRboVBLpBQAirgChH4AUAZwbgNl/3I/AiTtuRVTYOwFnfc/K9ILBHBISwCkhduYNRVtMIXANwp0Fe2jq7OgCXCgxTuhQEmkNACItZZDHW1dyrR+AygAtW3IusrxcH4BzzkKU7QaAZBISwmEWVYl35hqBIkGSlXUyKhz07APf5npXvBYGeEBDCYpTmCNwEcDYkdpX6Wm3BGc9HuZ6p75XnBIEaEBDCYpTCCLxEblxJwjKHawXs6auXJGDPKFDpqjoEhLAYRaLcwReGk+D5ap8R+BeAe42Y15QysRZxrjZRedHuERDCYlKBNdzBkKGq/C8792t1Eg0Zq7QRBGIREMKKRWym/dru4NywibAGYFDE9TxOElK1nCXexSRv6WYbBISwmHDfyh20h28SFhGX/l5ZgGfUTqNYXExyl27WRUAIiwHvWtxBmsocYVnERZn0Ym0xyF66WBcBISwGvCtyBw9HgjRxLbiOlIgqpMUgf+liPQSEsBiwrsgd1GcRzwQQVvB5RwaIpAtBgAUBIaxMGGtxB0fgvwAu6VQGH2GZ7mMmBPK4ILAaAkJYmVBX5A4eJa0KYWUKVh6vEgEhrEyxKHdw8wxzNY7LA/CKUOsphNQy4ZHHBQFWBISwMuAcgasA7t46o9xl5S2RkTqPSPlZRLRSODBDB+TRdREQwsrAuyJ3kILtR1beHGHVMuYM2OXRHSMghJUh/BKlZGKHMxf0twlLERWVpxGrKhZkaV8NAkJYiaIYgacBPFCjO6hjWAD+Ry6rOp4jh6ETZS2P1YOAEFaiLGpxrVw5YEaMig5BS3JooozlsfoQEMJKlIkiCrJa6HzeJh/bHdQkqgZDdblEvptIRl5aCgFR6ERkFWH9dQDekNhF9mMGQVEOlibOKfguKQvZ8EoHFSIghJUgFF3pc6v4lbKsjsrGALhm3q4jhJUgWHmkegR2SVhWqZU5DFy3NZsCtb83/54uTeUktBG4oYLnRy6o6x21HBeqXvtlgM0h0C1hKZdNz8+8dXkqH6zjPMZ/28Iz27kEa39v90uElY2vFZfS+VZ3LgX9a9kQaG41yICrRyB7QdU0Q0VSekg2gVCch+I7WfXWQ+4dDGmzhJtxM46ewy07fUsVImqpHlGTbshY+kCgN8IyLSkWC8cWc8juYEpCqXLjKLFTu3yzO5BLLp+4g30sTJmFG4GuCGsNIXssm6nGVGju00zw3Hu7s7iDa0ha3lEjAlUTlunicQawUwXhsWwovkSf533XyTsuQ42qsS7uYKoE5bnWEaidsA4uHkcAO1dYM1URKDZGrhzFmRaTSI2LTw/B89gxiTsYi5i07wmB6glLXVlFC9xruZQWjBmbUmkGUwDfZ/2NwDUAd6nx3RiA86ljFXcwFTl5rgcEWiKsrY/BTIediThVnCooVmW4fyxn+sQd7GHZyRxSEWiFsI7K/6ZONvU5x1XwQeTDnQ8l7mCqBOW5XhBohbAoy/tOn+vFLRQj5qS7DrbyxhNL7HbOMYs7yC1h6a81BJogLAJVuULF41iOHbzJmlLvvz4AF0KEXOIsX4A7GGT5hYxf2ggCNSJQO2FRsP0KHeoNSdhMBXgEnjPiUoof8ewA3Kf+iLrDT42V8qnuSB2T/ZzHHfwzgNdxWnNc45Z+BAFOBFogLF0u5UVKH+BalK64FABn0mZMLKoUsdbuDho5c0s65TtQ7tLtlGdC1kipfkPeXbJN15VlWyCsQ9yIw81yxKW8V3SFXuWVe4ZwSYsD3MHg+FqJ1UKyUf0eHY+y3uU7UO4aWsozIVOc63fpUHtIv9Qm9IC9r7/Qfo7WcQ05i76JpX7fGmGRixgdp5mLS4WAFnOVV8oZwsAx3ARwds66rKGYYMg8WmjD8aPYwjxbHWPthGXfZhyc3qBIiuRyOEwMnMalQgUW6g7qRFIul9Ucn8cdjIqvhc57r+2EsOqWfO2EdbQYVXD8jpmiddSWjsjQnA5lWebiUqFiCbWaQokt9L0WYZFl6TxvWCpmljLOHp4RwqpbirUT1mUAF02CMhXKUTeK0I52GQNiR38YgDcHtGOPI/nKxUjtK94FJoTFiyd3b1UTFk3WXpBaoYxKnKwEZVk2wTuTpfLEPO5g8Pi4FafX/oSw6pZsC4Rlx7FoF0pvSS9tTet2eteK+qHE04uhIolxt0opesDuYNZh6lAs9tKulBz3gl/pebZAWEc7ZNb2+dKWd+i2tcZYx4l0VYVbrDuPS0juICuenphd8AZEaSXqqX8hrLqlybrASk3VtDI4FGoEruAkC90O0tPfyhMFEULwWUCOcdn4zbmDulxNiR3JUjJspd8Scmxl7i2MsyXCmgLapRXKSCzVFpo3sVQxHLvFM7dDGbpz2YIC1jbG0vpV23yV7tLRNPoBD+GDQzhmix/MkAFujrG5U7aWQun4lSFEL3Fxj02Ngc40vkoLYetLXDdXhsID4JZh4eEmdz8CtANPB/k1B4SeKNDtBu4QSMhkmiAs9SswxZjol6A0UPYRGxVLopuWKQmVzhuedYHLqexz5WlKHKwOUZS9tOGUYY2YWfdc0hC9P8SOUMUm5Z5oHK0RFpmjdAC66LiXdgeXFJpT2Rfqx9Mvm4611bgmmh4TpwxrAcIR5shKBSqZJO3DrOjC97085nvtFhLJrkRYVwfgHsevy+xuIKeyu+JUsTW5YvCVticIcMpwS0wd52fZkppj0n24MWiGsAy3sChh+WJEK1pYR8S45a8at9LV3F/LhKXCCLSmzfOz9MN7iRPzUknSIWNsjbCmK7VKWlged3BxJ5BL2V2kydV3iFLsuU1rOLsqkeSen12S/9Y/nK0R1lUA51cgrN8PwNtMwYUIikvZbdLc0gTfG3lxybAkbq67BtTh+HOF38ueuhM73qYIS8cY1M4G7dqxfmYsm0lIvkPVilRY3FVzJzCmHhcrGDvtrEbCGoF3A/iZSnTWkqENKDqWFXTHQK44S5ZPihlbq4RVpAysGei2TO2prrzHVJ7OLOZafyPwbwD36p1Asa5i1Dm/bS2ENQL/wEn+nblGScd+PQDvzJ9pXA9bxq3MkbZKWNnEYItrBH4L4C106QWVtFHfB+eoqDOO5mHsuf+2PE0cXVtvWnklrgqLU9P9td6SsEbgOl1nZ5FUVgoChwRr+tFslbCmSgx0VIdDIMrV1K7f9Gds39ahbGVsHeqchxzEnmuzucJyYdxCP2sTlkrXofCGuRarkblv13xtmbZKWHq3kCWB0sjx2lRRzFwzpQhFXN+1layl961BWNpytnAJtubXxFNZV9WUMGqSsChOxJVEaR5V2DqDfAS+AeDjW49jzQVR27tKEZYrkVOlH5ALWOUnZGd87YG3TljRrpsG2LBmlEc4ZdCzWGypQpQdwVTk+J7jJKyZ9AMqInmoucY3ct6eai1h1DJhPR9Tr8qKdE+XW+iLHZS1trlJ7qvfzquS0psLgRzCUhbyxxw7e+zZ5iWlV0uIxDXHZglLmUW0wxZ8JbxLELXkl6j5yJVdJVdiQN+xhOUo06It9m8NwCcDXllFE0fwf9N47hworRNWcOatEUM4ui6rJj+9th2ZKlbSyoMIISz1I2cXvKtygS/BN7ND6bxObmUxzL6udcL6G4DX+mJPnptnoqy0koITwiqJbljfc4Q1s7g3DyOEzeq0VYskZc6xacIy3MLF4PuCEibHwWIVJaR9TdZeyHh7bGPqimNnj6YcHIKoBZ/WSao3wvLezbdAWGRdJe80ciukEBY3onH9WTvH+mFKUiaSqjb9wDXLnkiqK8IyrKybc9vFHsLy3uocp/bprYWw0rHLeXIm/YD06e6cftd+tleS6pWwZi0lF2GtQQ7qHcH1u2o6s7X2YlvzfSPwKwDvcKQfUIik6qCzjZMiKcofNI+pNTWHGNk3H8NSFtZiUfwZwiJ3sNjOTkoGvRBWjOrGtVVJuZSweXRmD8B7B+AXLeXAuVIQVMmlptzWOAmetO6CsAy30ElAiggOJWKWblROAdF8RltVpECqflEwKZa+b3AEHlMVWx/PnWcLzys50w1H3oPFa1jcOZjtwd0LwacnwprNybIz2UtYMgZRTQeW7avCQoRRkrD2QlaqRAuRlOkiedMPzNvFQ2S1RhshqVtR7oawDCvrmQG437J6jnYDlXJeG07rXiXrnyImKg9yVFkhhXxKHhEKSYhMBqGCB6379rS7T8md3k9N7qCQ1LK4eiSsW4LvpkXFlZxpun4DcFSuWf3KnzOqhv4IJ2Vuzyv3hHB3YX+4BtwSGy1Aak95Y98dgEe8q9Bq0CNhOcq0BLvfDjc+6/C70jE7zGIWcfSJbKpYa3y6DZz7gFj6vjfCciaCmvGJDMvHVkYXrrbS6Wfsf/cV9LPlQoRFH8o507dOkwv8nVDy6oWwRuDzAJ4wCJ+w/csAvCl1IXC4g0YBR2XsT6OZk7NrqNMPUmv5XqmYpz7XFWEpTdElhw/XyRsZy9fUrTtRZWQsZTQV0sad8NTWEP3/TwfgoVDhqIXzpO/Q7Ah8G8BHY8irdcJyZJ1741IhuHO7g63jHILZlm16JKxbgu/qRD3VaZ9MdN/Zw1yBpCptynMO8qK64HbpaLpx5cHcCzJycYl9fjypr0/Jm1pP2U8lcO8OpsgwFpc9t++OsAwr6+imGyPGQGZ3sfvbcmJkucquyOvDVCfMUmoisLOtEJYj87xYPIfDHTSxzpXhnskoZO49E9bRr7EmrBWsq+TziXtWdsc5vqQAeojSqx+1KdmYO3l4zzIMxT6nXa+EdZmu6jLJaWXCei7lHNoeld1KRyCX/TpHusnSojDeyV55YY8yzCGg2Ge7JCzDLZysrBF4GsADatsmKuAeA+gI/BzAu1KtuL0oe6kAuk9WI/AbAG8tpQfc8TDffPb4fc+EdSg3nHKuL0UZci8+7ZmwRuCPAF5vpSN8YQC+mIJ17DOGDhRxNWsqtR2LTUvtuyUsw8qimBJZVVMOU8nAc07AXY2XLMLmZOJxv6Z6ZUYbdjfMt+DWCAfUcpW7D4vWv29uccRYIabroc73FSWEXJcgZm61K57l9rGnI4TM39htLPr+EmdTQ+a3xzZdE5YjllWasJJ3CHuxsKxqFZRCskkRPCON5XcD8PZSizv3R6rUuHrtdw+ERTtPuoLCGoSVHCNp2cKyq1VstWCM84VFrSr1A7NYh20rDHp+b9eE5TjBf6ZkjEj9qtO2/IUUpWmRsGohKkUg+oLc2XLZKXKZe0biVpxohvXVO2FNV3ipnSnK9qZjOcXmnEs4uc+HiZynVWVEpQP7ydZtDCq6AGRNF5jEjL/ltsUWbylQQhe1nWKgDzCXIixVgvfu1BysVmJYlRHVTeMAeLJlG6KrI/A9AA8baRmrkGPI2PbUpmfCsov2TSVeChKW97oxn2KFkrGvnxLf10RUxmYK/WdR4nCca2SpElFCRnvos2fCKhpgt5WDY7eoRsKqkKimahwl3TFHJn5RUtwD0XDNsUvC4iCPWIA5cnFqIqy50s+xuHC1t0jkxwPwAa6+dT927hiApwbgI9zvkf7SEeiVsKZg+wAE1fROh+/0yZRKpg4rbVWrcG7eWxD+wlh+COD96vsi7piVO0Z6U6z8EIeu7bmP7ggr9zxfqjIowsoiyRosrNzjRan4uZ4z0lKK5FTV5u5yYtdrXz0SVla2eaqgFWH9cgDek9HHphZWyfsaYzAxA905u64eC5LONx7ddBQzRmm7DQI9EtYmi57DOuLoI0eNKnj/VVUSmabBXmW0trhcjqz2+mxXhLVl7IVjsXP0karIW2Ztq2qjZPFQci/7jpyam77BZk7nY6/k4lg7Me90hDyDkqDNdzRvUXKAnrpGkp5bWtQccaSkQZ3cbpFt2XH0kTJ+jg2D2PeqRNu71kjEVEnDc3c+6qFrQguZSkzbpf7m+jH/PaTN3Bz0+j6QVqk8xBDQONp0Q1hbBdu1EDjIhqOPWKXgSMcIfecI/EDt+Jl6V2TnL3RMNbbbQg9qxME1pp4Ia5NgeweElW0Z+pTdkS3O7vb5xtDS90JY89LqibCKL7wlpedQMo4+YhdmqXcKScVK4rR9KZmkj6ieJ7sgrC2D7WJhHS00Xd7FgAWUlf7BelS+/pEIYXVuYW0ZbN8bYY3AnwC8Wu3o0Q8e/Y/ccX3bNAV4b6TWBKufTsqPUAirY8KqKNkx2yXdQlGtHTRTU6bqFoEfIiwKntPFpPLJRED9ACfdbZn56uofb94lrMEdJClzkA1HH7Eap+uEnUzh6KMtp6nENBESgH8OwBtj3yHt4xAYga8D+ESJLP+4kdTXugfCol/3zXedOMiGo4/6VExGlILAmukmKePb6pkeCCvbFeMAn4NsOPrgmIv0UQcCirS+OQCfqmNE24+iacKqrLIAWXoUbD6fKlYhrFTk+nxuBK4DOCeu4al8WyesTZNFzWXCYcILYfVJPDmzGoH/AHilkNYJij0QFl3WuXnBNY7gvxBWztLu99kRuIITy/1rA/CZfmfqn1mzhFVLOoOGeC+35vhVSlqUQGAEvgrg0wCuDcDFEu9ooc+WCWu6jKAmU1m5hclxLLGwWlgy245R6dhuD4y3TFhVpDNwxrGEsLYlg1beblyW8cwA3N/KuDnG2TJhVZHOYBFWltUnhMWh0vvoYwSeBPCICkRT8cNdfJokLJV1fVtN7iBpS24cSwhrF2uOdZIqlktHom7WsPnEOjlHZ60S1nRcZDg9cFsap+D+c+JYQljBMEtDCwGld/SvXSeatkxYVaQz2CsnJx9LCEt4KAeBEfg7gNeUuMAjZ1ycz7ZKWJRAVuXYc/KxhLA4VXu/fely4QC+PwAP94RElYt+CWBdXaBiwpquqkqJrwlh9bS0tp3LCDwF4EO1hk5S0RHCSkVu4bnUXBkhrALC2HmXRgpEF9ZWc4TVgv6lHsoWwmpBuu2N0bC2aCeRrlZr9iOEVUh0ysq6MgCXQl8hhBWKlLRLQWAEblD1BwC0YdVkdVghrBTJBzyTEnwXwgoAVppkI6DcxNsB0A/qPdkdrtiBEFZBsGMJKLZ9waFL1ztAQFWBuABMNxs91MKUhbAKSik2J0sIq6AwpOtZBFrSOyGsgoo8ApcBXAxNcWhJcQrCJl2vjEBLeieEVVg5lJUVdElGS4pTGDbpfgUERuBLAD4H4NEB+PIKr8x+hRBWNoTLHeg8mBArSwirsDCk+wmBEXgMwBMAvjIAn20JFiGsFaQVamUJYa0gjB2/YgQeBPATIqsBeLxFKISwVpBaqJUlhLWCMHb8ihF433BCWM1+hLBWEl2IlSWEtZIw5DXNIiCEtZLofFbWCNwEcDYk1rXSkOU1gkB1CAhhrSiSJSsrJTN+xaHLqwSBKhAQwlpRDEtWliKzF1o947UijPKqHSMghLWy8LUlpS6xpVLPh4+4gysLQ17XHAJCWBuITBUhJLI64F9rQcIN4JFXCgKzCAhhiXIIAoJAMwgIYTUjKhmoICAICGGJDggCgkAzCAhhNSMqGaggIAgIYYkOCAKCQDMICGE1IyoZqCAgCPwfOMNKD8Z6KZMAAAAASUVORK5CYII='),
(73, 5, '無', NULL, '高雄市燕巢區三民路57號', '高雄市田寮區民生北路3號', NULL, NULL, '無', 20, '超值方案', 'evaluating', 1, '2020-09-08 01:52:13', ''),
(74, 6, '無', NULL, '高雄市大社區中山一路2號', '高雄市阿蓮區覺民路123號', NULL, NULL, '無', 0, '升等方案', 'evaluating', 1, '2020-08-31 23:29:46', ''),
(75, 30, '', NULL, '', '', NULL, NULL, '', 0, '', 'scheduled', 0, '2020-10-09 05:33:47', '');

INSERT INTO `choose` (`order_id`, `company_id`, `valuation_date`, `valuation_time`, `moving_date`, `estimate_fee`, `accurate_fee`, `estimate_worktime`, `confirm`, `new`, `valuation_status`) VALUES
(1, 1, '2020-07-03', '09:00~10:00', NULL, NULL, NULL, NULL, 0, 0, 'self'),
(2, 1, '2020-07-01', '10:00~11:00', NULL, NULL, NULL, NULL, 1, 0, 'booking'),
(3, 1, '2020-09-14', '15:00~16:00', '2020-09-20 13:00:00', 6000, 6000, 3, 1, 1, 'match'),
(4, 1, '2020-09-15', '14:00~15:00', '2020-09-18 21:30:00', 3000, 3500, 2, 1, 1, 'cancel'),
(5, 1, '2020-07-06', '15:00~16:00', '2020-09-16 18:00:00', 2000, 1000, 4, 1, 0, 'chosen'),
(6, 1, '2020-07-07', '09:00~10:00', '2020-09-16 10:30:00', 1500, 1500, 10, 1, 0, 'chosen'),
(7, 1, '2020-07-07', '15:00~16:00', '2020-09-08 15:45:00', 3750, 3000, 5, 1, 0, 'chosen'),
(8, 1, '2020-07-07', '10:00~11:00', '2020-09-15 15:45:00', 4750, 4500, 4, 1, 1, 'chosen'),
(11, 1, '2020-07-16', '16:4~16:04', '2020-07-17 16:05:00', NULL, 1100, 1, 1, 1, 'chosen'),
(11, 2, '2020-07-16', '14:54~1:54', NULL, 0, 0, 0, 1, 1, 'cancel'),
(11, 5, '2020-07-19', '15:00~16:00', NULL, NULL, NULL, NULL, 0, 1, 'cancel'),
(12, 1, '2020-07-17', '4:47~4:47', '2020-07-20 15:48:00', NULL, 9999, 5, 1, 0, 'cancel'),
(12, 2, '2020-07-17', '17:00~18:00', NULL, NULL, NULL, NULL, 0, 1, 'cancel'),
(12, 3, '2020-07-24', '2:51~19:51', '2020-07-22 02:52:00', NULL, 6000, 5, 1, 1, 'chosen'),
(13, 1, '2020-07-17', '3:00~3:24', '2020-07-17 05:01:00', NULL, 1754, 3, 1, 1, 'chosen'),
(13, 5, '2020-07-17', '17:00~18:00', '2020-07-17 17:01:00', NULL, 0, 5, 1, 1, 'cancel'),
(15, 1, '2020-07-17', '2:33~17:33', '2020-09-24 15:34:00', NULL, 888, 2, 1, 0, 'chosen'),
(16, 1, '2020-09-19', '3:15~3:36', NULL, NULL, NULL, NULL, 1, 0, 'booking'),
(16, 2, '2020-09-17', '19:00~20:00', NULL, NULL, NULL, NULL, 0, 1, 'self'),
(16, 3, '2020-07-17', '17:00~18:00', NULL, NULL, NULL, NULL, 0, 1, 'self'),
(17, 1, '2020-09-14', '16:00~17:00', NULL, NULL, NULL, NULL, 0, 1, 'self'),
(17, 2, '2020-07-17', '4:37~3:37', NULL, NULL, NULL, NULL, 1, 1, 'booking'),
(17, 3, '2020-07-25', '到府精算時段', NULL, NULL, NULL, NULL, 0, 1, 'self'),
(18, 1, '2020-07-09', '3:42~1:42', NULL, NULL, NULL, NULL, 1, 0, 'booking'),
(18, 2, '2020-07-23', '19:00~20:00', NULL, NULL, NULL, NULL, 0, 1, 'self'),
(18, 3, '2020-07-23', '17:00~18:00', NULL, NULL, NULL, NULL, 0, 1, 'self'),
(19, 1, '2020-09-16', '2:42~17:42', NULL, NULL, NULL, NULL, 1, 0, 'booking'),
(19, 2, '2020-07-27', '13:00~14:00', NULL, NULL, NULL, NULL, 0, 1, 'self'),
(19, 3, '2020-07-14', '14:00~15:00', NULL, NULL, NULL, NULL, 0, 1, 'self'),
(20, 1, '2020-07-15', '3:45~20:45', NULL, NULL, NULL, NULL, 1, 0, 'booking'),
(21, 1, '2020-07-21', '3:43~2:43', NULL, NULL, NULL, NULL, 1, 0, 'booking'),
(21, 2, '2020-07-07', '19:00~20:00', NULL, NULL, NULL, NULL, 0, 1, 'self'),
(21, 3, '2020-07-10', '19:00~20:00', NULL, NULL, NULL, NULL, 0, 1, 'self'),
(22, 1, '2020-09-16', '3:44~17:44', NULL, NULL, NULL, NULL, 1, 0, 'booking'),
(22, 2, '2020-07-08', '01:00~02:00', NULL, NULL, NULL, NULL, 0, 1, 'self'),
(22, 3, '2020-07-17', '14:00~15:00', NULL, NULL, NULL, NULL, 0, 1, 'self'),
(23, 1, '2020-09-17', '13:00~14:00', NULL, NULL, NULL, NULL, 0, 1, 'self'),
(23, 2, '2020-07-10', '14:00~15:00', NULL, NULL, NULL, NULL, 0, 1, 'self'),
(23, 3, '2020-07-12', '到府精算時段', NULL, NULL, NULL, NULL, 0, 1, 'self'),
(24, 1, '2020-07-21', '20:00~21:00', NULL, NULL, NULL, NULL, 0, 1, 'self'),
(24, 2, '2020-07-22', '15:00~16:00', NULL, NULL, NULL, NULL, 0, 1, 'self'),
(24, 3, '2020-07-22', '19:00~20:00', NULL, NULL, NULL, NULL, 0, 1, 'self'),
(26, 1, '2020-07-17', '14:6~8:06', '2020-07-17 03:09:00', NULL, 5555, 2, 1, 1, 'chosen'),
(26, 2, '2020-07-17', '11:00~12:00', NULL, NULL, NULL, NULL, 0, 1, 'cancel'),
(26, 3, '2020-07-30', '3:7~16:07', NULL, NULL, NULL, NULL, 1, 1, 'cancel'),
(27, 1, '2020-07-17', '5:20~7:20', '2020-07-17 07:21:00', NULL, 6000, 3, 1, 1, 'chosen'),
(27, 2, '2020-07-17', '20:00~21:00', NULL, NULL, NULL, NULL, 0, 1, 'cancel'),
(27, 3, '2020-07-17', '11:00~12:00', NULL, NULL, NULL, NULL, 0, 1, 'cancel'),
(28, 1, '2020-07-17', '17:1~18:1', '2020-07-17 17:12:00', NULL, 900, 1, 0, 1, 'chosen'),
(29, 1, NULL, NULL, '2020-07-17 17:58:00', NULL, 3000, 1, 0, 1, 'chosen'),
(32, 1, '2020-07-17', '6:12~6:36', '2020-07-17 06:14:00', NULL, 6000, 3, 1, 0, 'chosen'),
(32, 2, '2020-07-17', '14:00~15:00', NULL, NULL, NULL, NULL, 0, 1, 'cancel'),
(32, 3, '2020-07-17', '15:00~16:00', NULL, NULL, NULL, NULL, 0, 1, 'cancel'),
(33, 1, '2020-07-17', '5:30~6:30', '2020-07-17 08:31:00', NULL, 30000, 6, 0, 1, 'chosen'),
(34, 1, NULL, NULL, '2020-07-17 09:30:00', NULL, 3000, 2, 0, 1, 'chosen'),
(35, 1, '2020-07-17', '17:39~18:39', '2020-07-17 17:34:00', NULL, 1200, 1, 0, 1, 'chosen'),
(36, 1, '0000-00-00', '~', NULL, NULL, NULL, NULL, 1, 1, 'booking'),
(36, 2, NULL, NULL, NULL, NULL, NULL, NULL, 0, 1, 'self'),
(36, 3, '0000-00-00', '', NULL, NULL, NULL, NULL, 0, 1, 'self'),
(44, 3, NULL, NULL, NULL, NULL, NULL, NULL, 0, 1, 'self'),
(44, 4, NULL, NULL, NULL, NULL, NULL, NULL, 0, 1, 'self'),
(44, 5, NULL, NULL, NULL, NULL, NULL, NULL, 0, 1, 'self'),
(47, 1, '2020-08-23', '16:23~17:39', NULL, NULL, NULL, NULL, 1, 0, 'booking'),
(47, 2, NULL, NULL, NULL, NULL, NULL, NULL, 0, 1, 'self'),
(47, 3, NULL, NULL, NULL, NULL, NULL, NULL, 0, 1, 'self'),
(49, 1, '2020-08-23', '23:39~23:39', NULL, NULL, NULL, NULL, 1, 0, 'booking'),
(49, 2, NULL, NULL, NULL, NULL, NULL, NULL, 0, 1, 'self'),
(49, 3, NULL, NULL, NULL, NULL, NULL, NULL, 0, 1, 'self'),
(51, 1, '0000-00-00', 'null~null', NULL, NULL, NULL, NULL, 0, 1, 'booking'),
(52, 1, '2020-08-12', '1:0~2:0', '2020-08-14 18:00:00', NULL, 3999, 11, 0, 1, 'match'),
(54, 2, '2020-08-28', '13:00~14:00', NULL, NULL, NULL, NULL, 0, 1, 'match'),
(54, 3, '2020-08-14', '13:00~14:00', NULL, NULL, NULL, NULL, 0, 1, 'booking'),
(56, 1, NULL, NULL, NULL, NULL, NULL, NULL, 0, 1, 'self'),
(56, 2, NULL, NULL, NULL, NULL, NULL, NULL, 0, 1, 'self'),
(56, 3, NULL, NULL, NULL, NULL, NULL, NULL, 0, 1, 'self'),
(57, 3, NULL, NULL, NULL, NULL, NULL, NULL, 0, 1, 'self'),
(57, 4, NULL, NULL, NULL, NULL, NULL, NULL, 0, 1, 'self'),
(58, 1, NULL, NULL, NULL, NULL, NULL, NULL, 0, 1, 'self'),
(58, 2, NULL, NULL, NULL, NULL, NULL, NULL, 0, 1, 'self'),
(58, 3, NULL, NULL, NULL, NULL, NULL, NULL, 0, 1, 'self'),
(59, 1, '2020-08-21', '12:00~13:00', '2020-08-21 21:04:00', NULL, 8000, 1, 1, 1, 'match'),
(59, 2, NULL, NULL, NULL, NULL, NULL, NULL, 0, 1, 'self'),
(59, 3, NULL, NULL, NULL, NULL, NULL, NULL, 0, 1, 'self'),
(60, 1, '2020-08-19', '19:18~20:18', '2020-08-19 19:19:00', NULL, 5500, 1, 0, 1, 'chosen'),
(61, 1, '2020-08-20', '20:44~21:44', '2020-08-20 20:54:00', NULL, 4000, 1, 1, 1, 'chosen'),
(61, 2, '0000-00-00', '', NULL, NULL, NULL, NULL, 0, 1, 'cancel'),
(61, 3, '2020-08-20', '17:00~18:00', NULL, NULL, NULL, NULL, 0, 1, 'cancel'),
(62, 1, '2020-08-20', '20:51~21:51', '2020-08-20 20:52:00', NULL, 1, 1, 0, 1, 'chosen'),
(63, 1, '2020-08-20', '20:24~21:24', '2020-08-20 20:25:00', NULL, 1, 1, 0, 1, 'chosen'),
(64, 1, '2020-08-20', '20:37~21:37', '2020-08-21 20:38:00', NULL, 1, 1, 0, 0, 'chosen'),
(65, 1, '2020-08-20', '20:39~21:39', '2020-08-21 02:41:03', NULL, 9000, 1, 0, 1, 'chosen'),
(66, 1, '2020-08-21', '21:1~21:01', NULL, NULL, NULL, NULL, 1, 0, 'booking'),
(66, 2, NULL, NULL, NULL, NULL, NULL, NULL, 0, 1, 'self'),
(66, 3, NULL, NULL, NULL, NULL, NULL, NULL, 0, 1, 'self'),
(67, 1, '2020-08-21', '8:2~11:02', '2020-08-21 08:02:00', NULL, 4000, 3, 1, 0, 'chosen'),
(67, 2, NULL, NULL, NULL, NULL, NULL, NULL, 0, 1, 'cancel'),
(67, 3, NULL, NULL, NULL, NULL, NULL, NULL, 0, 1, 'cancel'),
(68, 1, '2020-08-21', '21:18~22:18', '2020-08-21 21:20:00', NULL, 1000, 2, 0, 1, 'chosen'),
(70, 1, NULL, NULL, NULL, NULL, NULL, NULL, 0, 1, 'self'),
(70, 2, NULL, NULL, NULL, NULL, NULL, NULL, 0, 1, 'self'),
(70, 3, NULL, NULL, NULL, NULL, NULL, NULL, 0, 1, 'self'),
(71, 1, '2020-08-21', '15:00~16:00', NULL, NULL, 4000, NULL, 1, 1, 'match'),
(71, 2, NULL, NULL, NULL, NULL, NULL, NULL, 0, 1, 'booking'),
(71, 3, NULL, NULL, NULL, NULL, NULL, NULL, 0, 1, 'booking'),
(72, 1, '2020-08-27', '19:00~20:00', NULL, NULL, 5000, NULL, 1, 1, 'chosen'),
(72, 4, NULL, NULL, NULL, NULL, NULL, NULL, 0, 1, 'self'),
(72, 7, NULL, NULL, NULL, NULL, NULL, NULL, 0, 1, 'self'),
(73, 1, '2020-09-11', '10:00~11:00', NULL, NULL, NULL, NULL, 0, 1, 'self'),
(73, 11, '2020-09-26', '15:00~16:00', NULL, NULL, NULL, NULL, 0, 1, 'self'),
(73, 14, '2020-09-21', '14:00~15:00', NULL, NULL, NULL, NULL, 0, 1, 'self'),
(74, 5, NULL, NULL, NULL, NULL, NULL, NULL, 0, 1, 'self'),
(74, 6, NULL, NULL, NULL, NULL, NULL, NULL, 0, 1, 'self'),
(74, 9, NULL, NULL, NULL, NULL, NULL, NULL, 0, 1, 'self');

INSERT INTO `comments` (`comment_id`, `order_id`, `member_id`, `company_id`, `comment_date`, `service_quality`, `work_attitude`, `price_grade`, `comment`, `reply`) VALUES
(1, 11, 6, 1, '2020-07-20 09:39:40', 4.5, 4.7, 4.2, '工作認真，態度良好，價錢小貴', NULL),
(2, 13, 6, 1, '2020-07-31 04:14:57', 4.9, 4.8, 4.5, '非常棒的搬家體驗', '非常感謝您的讚美^^'),
(3, 27, 18, 1, '2020-08-02 11:08:01', 5, 5, 5, '太棒了!', '謝謝您'),
(4, 29, 19, 1, '2020-09-01 08:34:33', 4.8, 4.5, 4.7, 'GOOD!', NULL);

INSERT INTO `furniture_list_app` (`order_id`, `company_id`, `furniture_id`, `num`) VALUES
(1, 1, 1, 3),
(1, 1, 2, 1),
(2, 1, 2, 2),
(3, 1, 3, 1),
(4, 1, 4, 4),
(5, 1, 5, 1),
(6, 1, 6, 2),
(7, 1, 7, 2),
(8, 1, 8, 1),
(16, 1, 44, 3),
(16, 1, 52, 1),
(16, 1, 66, 4),
(16, 1, 75, 5),
(16, 1, 77, 1),
(49, 1, 1, 1),
(49, 1, 61, 1);

INSERT INTO `period_discount` (`discount_id`, `company_id`, `discount_name`, `discount`, `start_date`, `end_date`, `enable`, `isDelete`, `enable_time`, `disable_time`) VALUES
(1, 1, '短期優惠', 10, '2020-09-12', NULL, 0, 0, NULL, NULL),
(2, 1, '長期優惠', 5, '2020-09-01', '2020-09-30', 0, 0, NULL, NULL),
(3, 1, '開學優惠', 10, '2020-09-01', '2020-09-05', 0, 0, NULL, NULL),
(4, 1, '優惠測試', 15, '2020-09-08', NULL, 0, 0, NULL, NULL),
(5, 1, '測試優惠', 7, '2020-09-04', NULL, 0, 0, NULL, NULL),
(6, 1, '促銷優惠', 10, '2020-09-01', '2020-09-05', 0, 1, NULL, NULL);

INSERT INTO `room` (`room_id`, `order_id`, `floor`, `room_name`, `room_type`) VALUES
(1, 1, 1, 1, '房間'),
(2, 2, 2, 1, '戶外'),
(3, 3, 4, 1, '房間'),
(4, 4, 3, 1, '廳'),
(5, 5, 3, 1, '房間'),
(6, 6, 3, 1, '廳'),
(7, 7, 11, 1, '房間'),
(8, 8, 5, 1, '廳');

INSERT INTO `service_class` (`service_id`, `service_name`) VALUES
(6, '包裝材料'),
(1, '服務範圍'),
(2, '服務項目'),
(3, '特殊項目'),
(5, '紙箱種類'),
(4, '車輛種類');

INSERT INTO `service_item` (`company_id`, `item_name`, `start_time`, `end_time`, `service_id`, `isDelete`) VALUES
(1, '3.5噸平斗車', '2020-09-03 05:57:00', NULL, 4, 0),
(1, '3.5噸箱型車', '2020-09-01 08:27:00', '2020-09-13 19:27:50', 4, 0),
(1, '3.5噸箱型車', '2020-09-13 23:08:00', NULL, 4, 0),
(1, '7.7噸箱型車', '2020-09-01 09:06:30', NULL, 4, 0),
(1, 'PE保護膠膜', '2020-09-04 07:36:00', '2020-09-12 19:27:50', 6, 0),
(1, 'PE保護膠膜', '2020-09-16 09:08:00', NULL, 6, 0),
(1, '個人搬遷', '2020-09-08 08:27:00', NULL, 2, 0),
(1, '免動手搬家', '2020-09-08 08:29:30', NULL, 2, 0),
(1, '北北基', '2020-09-07 05:27:00', '2020-09-16 19:27:50', 1, 0),
(1, '北北基', '2020-09-18 09:08:00', NULL, 1, 0),
(1, '大型氣泡袋', '2020-09-05 05:42:00', NULL, 6, 0),
(1, '家庭搬遷', '2020-09-08 08:28:00', '2020-09-15 20:27:50', 2, 0),
(1, '家庭搬遷', '2020-09-18 09:16:00', NULL, 2, 0),
(1, '桃竹苗', '2020-09-07 05:28:00', NULL, 1, 0),
(1, '環保物流箱', '2020-09-05 06:06:30', NULL, 6, 0),
(1, '環保紙箱', '2020-09-06 06:06:30', NULL, 5, 0),
(1, '系統家具', '2020-09-03 05:39:00', NULL, 3, 0),
(1, '綜合紙箱', '2020-09-06 07:27:00', '2020-09-12 19:27:50', 5, 0),
(1, '綜合紙箱', '2020-09-17 03:08:00', NULL, 5, 0),
(1, '重物紙箱', '2020-09-06 05:57:00', NULL, 5, 0),
(1, '鋼琴', '2020-09-02 07:27:00', '2020-09-16 19:27:50', 3, 0),
(1, '鋼琴', '2020-09-19 23:08:00', NULL, 3, 0),
(1, '雕像', '2020-09-02 13:59:30', NULL, 3, 0),
(1, '高屏', '2020-09-07 05:27:30', NULL, 1, 0),
(2, '7.7噸箱型車', '2020-09-10 04:02:37', '2020-09-17 21:37:50', 4, 0),
(2, '企業搬遷', '2020-09-07 06:37:56', NULL, 2, 0),
(2, '個人搬遷', '2020-09-07 06:39:37', '2020-09-21 21:37:50', 2, 0),
(2, '北北基', '2020-09-10 04:00:56', NULL, 1, 0),
(2, '吊車', '2020-09-11 05:43:56', NULL, 4, 0),
(2, '桃竹苗', '2020-09-10 04:02:37', '2020-09-17 21:37:50', 1, 0),
(2, '環保物流箱', '2020-09-03 04:02:37', '2020-09-17 21:37:50', 6, 0),
(2, '環保綜合箱', '2020-09-03 05:23:56', NULL, 6, 0),
(2, '綜合紙箱', '2020-09-10 04:02:37', '2020-09-17 21:37:50', 5, 0),
(2, '重物紙箱', '2020-09-11 05:43:56', NULL, 5, 0),
(2, '鋼琴', '2020-09-15 04:43:56', NULL, 3, 0),
(2, '雕像', '2020-09-15 04:02:37', '2020-09-17 21:37:50', 3, 0);

INSERT INTO `special` (`special_id`, `order_id`, `name`, `num`) VALUES
(1, 5, '骨董', 5),
(2, 6, '水晶洞', 2),
(6, 11, '鋼琴', NULL),
(7, 12, '鋼琴,可拆式系統家具', NULL),
(8, 13, '鋼琴,可拆式系統家具', NULL),
(9, 14, '鋼琴,可拆式系統家具', NULL),
(10, 15, '可拆式系統家具', NULL),
(11, 16, '鋼琴,可拆式系統家具', NULL),
(12, 17, '無', NULL),
(13, 18, '鋼琴', NULL),
(14, 19, '可拆式系統家具', NULL),
(15, 20, '無', NULL),
(16, 21, '鋼琴,可拆式系統家具', NULL),
(17, 22, '可拆式系統家具', NULL),
(18, 23, '鋼琴', NULL),
(19, 24, '鋼琴', NULL),
(20, 26, '可拆式系統家具', NULL),
(21, 27, '鋼琴,可拆式系統家具', NULL),
(22, 32, '鋼琴,可拆式系統家具', NULL),
(23, 36, '鋼琴,可拆式系統家具', NULL),
(24, 44, '可拆式系統家具', NULL),
(25, 45, '可拆式系統家具', NULL),
(26, 47, '鋼琴,可拆式系統家具', NULL),
(27, 49, '鋼琴', NULL),
(31, 56, '無', NULL),
(32, 57, '可拆式系統家具', NULL),
(33, 57, '可拆式系統家具', NULL),
(34, 58, '鋼琴,可拆式系統家具', NULL),
(35, 59, '無', NULL),
(36, 61, '鋼琴,可拆式系統家具', NULL),
(37, 66, '鋼琴,可拆式系統家具', NULL),
(38, 67, '無', NULL),
(39, 70, '無', NULL),
(40, 71, '無', NULL),
(41, 72, '無', NULL),
(42, 73, '鋼琴,可拆式系統家具', NULL),
(43, 74, '鋼琴,可拆式系統家具', NULL);

INSERT INTO `staff` (`staff_id`, `staff_name`, `company_id`, `start_time`, `end_time`) VALUES
(1, '工一號', 1, '2020-07-01 11:00:00', NULL),
(2, '工二號', 1, '2020-08-24 07:00:00', NULL),
(3, '工三號', 1, '2020-07-01 11:00:00', NULL),
(4, '工四號', 1, '2020-09-01 01:00:00', NULL),
(5, '工五號', 1, '2020-07-25 04:00:00', NULL),
(6, '工六號', 1, '2020-08-01 11:00:00', '2020-09-01 19:00:00'),
(7, '工七號', 1, '2020-08-01 11:00:00', '2020-09-01 19:00:00'),
(8, '123', 1, '2020-10-06 04:39:07', NULL);

INSERT INTO `staff_assignment` (`order_id`, `staff_id`, `pay`) VALUES
(5, 1, -1),
(6, 2, -1),
(11, 1, 3000),
(13, 4, 754),
(15, 1, -1),
(15, 2, -1),
(26, 1, -1),
(27, 1, 1450),
(28, 1, 800),
(29, 2, 1600),
(32, 1, -1),
(35, 1, -1),
(59, 1, 1600),
(59, 2, 1600),
(60, 3, 1000),
(60, 5, 1500),
(61, 1, -1),
(62, 1, -1),
(62, 2, -1),
(63, 1, -1),
(63, 2, -1),
(64, 1, -1),
(65, 2, 4000);

INSERT INTO `staff_leave` (`staff_id`, `leave_date`) VALUES
(1, '2020-09-20'),
(1, '2020-09-27'),
(1, '2020-10-09'),
(2, '2020-09-18'),
(2, '2020-09-23'),
(2, '2020-10-09'),
(3, '2020-09-16'),
(4, '2020-09-24');

INSERT INTO `vehicle` (`vehicle_id`, `plate_num`, `vehicle_weight`, `vehicle_type`, `company_id`, `start_time`, `end_time`) VALUES
(1, '0001-X8', '3.5', '箱型車', 1, '2020-08-01 11:00:00', NULL),
(2, '0002-X8', '3.5', '平斗車', 1, '2020-08-01 11:00:00', NULL),
(3, '0003-X8', '1.75', '箱型車', 1, '2020-07-01 01:00:00', '2020-09-10 20:00:00'),
(4, '0004-X8', '6', '平斗車', 1, '2020-09-04 07:00:00', NULL),
(5, '0005-X8', '10', '平斗車', 1, '2020-09-04 07:00:00', NULL),
(6, 'AB-123', '1', '平斗車', 1, '2020-10-13 08:29:48', NULL);

INSERT INTO `vehicle_assignment` (`order_id`, `vehicle_id`) VALUES
(5, 1),
(6, 2),
(11, 3),
(13, 1),
(13, 2),
(15, 1),
(26, 3),
(27, 1),
(28, 2),
(29, 4),
(32, 1),
(35, 2),
(59, 1),
(60, 1),
(61, 1),
(62, 4),
(63, 1),
(64, 5),
(65, 1);

INSERT INTO `vehicle_demand` (`order_id`, `num`, `vehicle_weight`, `vehicle_type`) VALUES
(4, 1, '3.5', '平斗車'),
(8, 2, '3.5', '貨車'),
(11, 1, '1', '車'),
(12, 3, '23', '123'),
(12, 2, '5.3', '車'),
(13, 2, '3', '123'),
(13, 2, '5', '車庫'),
(15, 2, '5', '車'),
(26, 2, '2', '車'),
(27, 3, '3', '卡車'),
(28, 1, '4', '箱型車'),
(32, 2, '1', '卡車'),
(33, 2, '3', '卡車'),
(35, 1, '1', '車'),
(52, 3, '200', '鎧甲車'),
(59, 1, '1', '卡車'),
(60, 1, '1', '車'),
(61, 1, '1', '卡車'),
(62, 1, '1', 'q'),
(63, 1, '1', 'e'),
(64, 1, '1', 'e'),
(65, 1, '1', 'e'),
(67, 1, '1', '卡車'),
(68, 1, '1', '卡車');

INSERT INTO `vehicle_maintain` (`vehicle_id`, `maintain_date`) VALUES
(1, '2020-09-20'),
(1, '2020-09-24'),
(2, '2020-09-23'),
(2, '2020-10-09'),
(4, '2020-09-16');


COMMIT;
